data_estrazione;provincia;comune;tipo;candidato_riferimento;nome;voti;percentuale
2024-11-19 07:27:02;Perugia;ASSISI;LISTA;;PROIETTI STEFANIA;6259;49,27
2024-11-19 07:27:02;Perugia;ASSISI;LISTA;;TESEI DONATELLA;6143;48,36
2024-11-19 07:27:02;Perugia;ASSISI;LISTA;;RIZZO MARCO;127;1,00
2024-11-19 07:27:02;Perugia;ASSISI;LISTA;;LEONARDI MARTINA;54;0,43
2024-11-19 07:27:02;Perugia;ASSISI;LISTA;;PAOLONE GIUSEPPE;32;0,25
2024-11-19 07:27:02;Perugia;ASSISI;LISTA;;FIORINI ELIA FRANCESCO;27;0,21
2024-11-19 07:27:02;Perugia;ASSISI;LISTA;;PASQUINELLI MORENO;23;0,18
2024-11-19 07:27:02;Perugia;ASSISI;LISTA;;PIGNALBERI FABRIZIO;21;0,17
2024-11-19 07:27:02;Perugia;ASSISI;LISTA;;TRITTO GIUSEPPE;17;0,13
2024-11-19 07:27:02;Perugia;ASSISI;LISTA;;Candidati presidente;12703;100
2024-11-19 07:27:02;Perugia;ASSISI;LISTA;;Liste;10400;100
2024-11-19 07:27:13;Perugia;BASTIA UMBRA;LISTA;;PROIETTI STEFANIA;4378;51,18
2024-11-19 07:27:13;Perugia;BASTIA UMBRA;LISTA;;TESEI DONATELLA;4005;46,82
2024-11-19 07:27:13;Perugia;BASTIA UMBRA;LISTA;;RIZZO MARCO;74;0,87
2024-11-19 07:27:13;Perugia;BASTIA UMBRA;LISTA;;LEONARDI MARTINA;27;0,32
2024-11-19 07:27:13;Perugia;BASTIA UMBRA;LISTA;;PAOLONE GIUSEPPE;21;0,25
2024-11-19 07:27:13;Perugia;BASTIA UMBRA;LISTA;;TRITTO GIUSEPPE;20;0,23
2024-11-19 07:27:13;Perugia;BASTIA UMBRA;LISTA;;PASQUINELLI MORENO;14;0,16
2024-11-19 07:27:13;Perugia;BASTIA UMBRA;LISTA;;FIORINI ELIA FRANCESCO;8;0,09
2024-11-19 07:27:13;Perugia;BASTIA UMBRA;LISTA;;PIGNALBERI FABRIZIO;7;0,08
2024-11-19 07:27:13;Perugia;BASTIA UMBRA;LISTA;;Candidati presidente;8554;100
2024-11-19 07:27:13;Perugia;BASTIA UMBRA;LISTA;;Liste;6877;100
2024-11-19 07:27:23;Perugia;BETTONA;LISTA;;TESEI DONATELLA;981;53,72
2024-11-19 07:27:23;Perugia;BETTONA;LISTA;;PROIETTI STEFANIA;803;43,98
2024-11-19 07:27:23;Perugia;BETTONA;LISTA;;RIZZO MARCO;26;1,42
2024-11-19 07:27:23;Perugia;BETTONA;LISTA;;FIORINI ELIA FRANCESCO;5;0,27
2024-11-19 07:27:23;Perugia;BETTONA;LISTA;;PAOLONE GIUSEPPE;3;0,16
2024-11-19 07:27:23;Perugia;BETTONA;LISTA;;LEONARDI MARTINA;3;0,16
2024-11-19 07:27:23;Perugia;BETTONA;LISTA;;TRITTO GIUSEPPE;2;0,11
2024-11-19 07:27:23;Perugia;BETTONA;LISTA;;PASQUINELLI MORENO;2;0,11
2024-11-19 07:27:23;Perugia;BETTONA;LISTA;;PIGNALBERI FABRIZIO;1;0,05
2024-11-19 07:27:23;Perugia;BETTONA;LISTA;;Candidati presidente;1826;100
2024-11-19 07:27:23;Perugia;BETTONA;LISTA;;Liste;1605;100
2024-11-19 07:27:33;Perugia;BEVAGNA;LISTA;;PROIETTI STEFANIA;976;49,92
2024-11-19 07:27:33;Perugia;BEVAGNA;LISTA;;TESEI DONATELLA;935;47,83
2024-11-19 07:27:33;Perugia;BEVAGNA;LISTA;;RIZZO MARCO;16;0,82
2024-11-19 07:27:33;Perugia;BEVAGNA;LISTA;;LEONARDI MARTINA;12;0,61
2024-11-19 07:27:33;Perugia;BEVAGNA;LISTA;;TRITTO GIUSEPPE;9;0,46
2024-11-19 07:27:33;Perugia;BEVAGNA;LISTA;;PASQUINELLI MORENO;4;0,20
2024-11-19 07:27:33;Perugia;BEVAGNA;LISTA;;FIORINI ELIA FRANCESCO;2;0,10
2024-11-19 07:27:33;Perugia;BEVAGNA;LISTA;;PIGNALBERI FABRIZIO;1;0,05
2024-11-19 07:27:33;Perugia;BEVAGNA;LISTA;;PAOLONE GIUSEPPE;0;0
2024-11-19 07:27:33;Perugia;BEVAGNA;LISTA;;Candidati presidente;1955;100
2024-11-19 07:27:33;Perugia;BEVAGNA;LISTA;;Liste;1710;100
2024-11-19 07:27:43;Perugia;CAMPELLO SUL CLITUNNO;LISTA;;PROIETTI STEFANIA;450;50,00
2024-11-19 07:27:43;Perugia;CAMPELLO SUL CLITUNNO;LISTA;;TESEI DONATELLA;420;46,67
2024-11-19 07:27:44;Perugia;CAMPELLO SUL CLITUNNO;LISTA;;RIZZO MARCO;12;1,33
2024-11-19 07:27:44;Perugia;CAMPELLO SUL CLITUNNO;LISTA;;PASQUINELLI MORENO;7;0,78
2024-11-19 07:27:44;Perugia;CAMPELLO SUL CLITUNNO;LISTA;;LEONARDI MARTINA;4;0,44
2024-11-19 07:27:44;Perugia;CAMPELLO SUL CLITUNNO;LISTA;;TRITTO GIUSEPPE;4;0,44
2024-11-19 07:27:44;Perugia;CAMPELLO SUL CLITUNNO;LISTA;;FIORINI ELIA FRANCESCO;3;0,33
2024-11-19 07:27:44;Perugia;CAMPELLO SUL CLITUNNO;LISTA;;PAOLONE GIUSEPPE;0;0
2024-11-19 07:27:44;Perugia;CAMPELLO SUL CLITUNNO;LISTA;;PIGNALBERI FABRIZIO;0;0
2024-11-19 07:27:44;Perugia;CAMPELLO SUL CLITUNNO;LISTA;;Candidati presidente;900;100
2024-11-19 07:27:44;Perugia;CAMPELLO SUL CLITUNNO;LISTA;;Liste;819;100
2024-11-19 07:27:54;Perugia;CANNARA;LISTA;;TESEI DONATELLA;998;49,36
2024-11-19 07:27:54;Perugia;CANNARA;LISTA;;PROIETTI STEFANIA;972;48,07
2024-11-19 07:27:54;Perugia;CANNARA;LISTA;;RIZZO MARCO;29;1,43
2024-11-19 07:27:54;Perugia;CANNARA;LISTA;;PASQUINELLI MORENO;7;0,35
2024-11-19 07:27:54;Perugia;CANNARA;LISTA;;LEONARDI MARTINA;6;0,30
2024-11-19 07:27:54;Perugia;CANNARA;LISTA;;TRITTO GIUSEPPE;6;0,30
2024-11-19 07:27:54;Perugia;CANNARA;LISTA;;PAOLONE GIUSEPPE;2;0,10
2024-11-19 07:27:54;Perugia;CANNARA;LISTA;;FIORINI ELIA FRANCESCO;1;0,05
2024-11-19 07:27:54;Perugia;CANNARA;LISTA;;PIGNALBERI FABRIZIO;1;0,05
2024-11-19 07:27:54;Perugia;CANNARA;LISTA;;Candidati presidente;2022;100
2024-11-19 07:27:54;Perugia;CANNARA;LISTA;;Liste;1879;100
2024-11-19 07:28:04;Perugia;CASCIA;LISTA;;TESEI DONATELLA;706;51,91
2024-11-19 07:28:04;Perugia;CASCIA;LISTA;;PROIETTI STEFANIA;640;47,06
2024-11-19 07:28:04;Perugia;CASCIA;LISTA;;RIZZO MARCO;7;0,51
2024-11-19 07:28:04;Perugia;CASCIA;LISTA;;FIORINI ELIA FRANCESCO;3;0,22
2024-11-19 07:28:04;Perugia;CASCIA;LISTA;;PIGNALBERI FABRIZIO;2;0,15
2024-11-19 07:28:04;Perugia;CASCIA;LISTA;;LEONARDI MARTINA;1;0,07
2024-11-19 07:28:04;Perugia;CASCIA;LISTA;;TRITTO GIUSEPPE;1;0,07
2024-11-19 07:28:04;Perugia;CASCIA;LISTA;;PAOLONE GIUSEPPE;0;0
2024-11-19 07:28:04;Perugia;CASCIA;LISTA;;PASQUINELLI MORENO;0;0
2024-11-19 07:28:04;Perugia;CASCIA;LISTA;;Candidati presidente;1360;100
2024-11-19 07:28:04;Perugia;CASCIA;LISTA;;Liste;1285;100
2024-11-19 07:28:15;Perugia;CASTEL RITALDI;LISTA;;TESEI DONATELLA;643;49,92
2024-11-19 07:28:15;Perugia;CASTEL RITALDI;LISTA;;PROIETTI STEFANIA;601;46,66
2024-11-19 07:28:15;Perugia;CASTEL RITALDI;LISTA;;TRITTO GIUSEPPE;13;1,01
2024-11-19 07:28:15;Perugia;CASTEL RITALDI;LISTA;;RIZZO MARCO;10;0,78
2024-11-19 07:28:15;Perugia;CASTEL RITALDI;LISTA;;LEONARDI MARTINA;9;0,70
2024-11-19 07:28:15;Perugia;CASTEL RITALDI;LISTA;;FIORINI ELIA FRANCESCO;6;0,47
2024-11-19 07:28:15;Perugia;CASTEL RITALDI;LISTA;;PASQUINELLI MORENO;4;0,31
2024-11-19 07:28:15;Perugia;CASTEL RITALDI;LISTA;;PIGNALBERI FABRIZIO;2;0,16
2024-11-19 07:28:15;Perugia;CASTEL RITALDI;LISTA;;PAOLONE GIUSEPPE;0;0
2024-11-19 07:28:15;Perugia;CASTEL RITALDI;LISTA;;Candidati presidente;1288;100
2024-11-19 07:28:15;Perugia;CASTEL RITALDI;LISTA;;Liste;1162;100
2024-11-19 07:28:25;Perugia;CASTIGLIONE DEL LAGO;LISTA;;PROIETTI STEFANIA;3393;62,19
2024-11-19 07:28:25;Perugia;CASTIGLIONE DEL LAGO;LISTA;;TESEI DONATELLA;1935;35,47
2024-11-19 07:28:25;Perugia;CASTIGLIONE DEL LAGO;LISTA;;RIZZO MARCO;47;0,86
2024-11-19 07:28:25;Perugia;CASTIGLIONE DEL LAGO;LISTA;;LEONARDI MARTINA;45;0,82
2024-11-19 07:28:25;Perugia;CASTIGLIONE DEL LAGO;LISTA;;TRITTO GIUSEPPE;11;0,20
2024-11-19 07:28:25;Perugia;CASTIGLIONE DEL LAGO;LISTA;;FIORINI ELIA FRANCESCO;9;0,16
2024-11-19 07:28:25;Perugia;CASTIGLIONE DEL LAGO;LISTA;;PAOLONE GIUSEPPE;8;0,15
2024-11-19 07:28:25;Perugia;CASTIGLIONE DEL LAGO;LISTA;;PASQUINELLI MORENO;6;0,11
2024-11-19 07:28:25;Perugia;CASTIGLIONE DEL LAGO;LISTA;;PIGNALBERI FABRIZIO;2;0,04
2024-11-19 07:28:25;Perugia;CASTIGLIONE DEL LAGO;LISTA;;Candidati presidente;5456;100
2024-11-19 07:28:25;Perugia;CASTIGLIONE DEL LAGO;LISTA;;Liste;5028;100
2024-11-19 07:28:35;Perugia;CERRETO DI SPOLETO;LISTA;;TESEI DONATELLA;288;62,88
2024-11-19 07:28:35;Perugia;CERRETO DI SPOLETO;LISTA;;PROIETTI STEFANIA;165;36,03
2024-11-19 07:28:35;Perugia;CERRETO DI SPOLETO;LISTA;;RIZZO MARCO;3;0,66
2024-11-19 07:28:35;Perugia;CERRETO DI SPOLETO;LISTA;;FIORINI ELIA FRANCESCO;1;0,22
2024-11-19 07:28:35;Perugia;CERRETO DI SPOLETO;LISTA;;PIGNALBERI FABRIZIO;1;0,22
2024-11-19 07:28:35;Perugia;CERRETO DI SPOLETO;LISTA;;PAOLONE GIUSEPPE;0;0
2024-11-19 07:28:35;Perugia;CERRETO DI SPOLETO;LISTA;;LEONARDI MARTINA;0;0
2024-11-19 07:28:35;Perugia;CERRETO DI SPOLETO;LISTA;;TRITTO GIUSEPPE;0;0
2024-11-19 07:28:35;Perugia;CERRETO DI SPOLETO;LISTA;;PASQUINELLI MORENO;0;0
2024-11-19 07:28:35;Perugia;CERRETO DI SPOLETO;LISTA;;Candidati presidente;458;100
2024-11-19 07:28:35;Perugia;CERRETO DI SPOLETO;LISTA;;Liste;433;100
2024-11-19 07:28:45;Perugia;CITERNA;LISTA;;PROIETTI STEFANIA;668;49,52
2024-11-19 07:28:45;Perugia;CITERNA;LISTA;;TESEI DONATELLA;654;48,48
2024-11-19 07:28:45;Perugia;CITERNA;LISTA;;RIZZO MARCO;9;0,67
2024-11-19 07:28:45;Perugia;CITERNA;LISTA;;PASQUINELLI MORENO;7;0,52
2024-11-19 07:28:45;Perugia;CITERNA;LISTA;;LEONARDI MARTINA;4;0,30
2024-11-19 07:28:45;Perugia;CITERNA;LISTA;;FIORINI ELIA FRANCESCO;4;0,30
2024-11-19 07:28:45;Perugia;CITERNA;LISTA;;PAOLONE GIUSEPPE;2;0,15
2024-11-19 07:28:45;Perugia;CITERNA;LISTA;;PIGNALBERI FABRIZIO;1;0,07
2024-11-19 07:28:45;Perugia;CITERNA;LISTA;;TRITTO GIUSEPPE;0;0
2024-11-19 07:28:45;Perugia;CITERNA;LISTA;;Candidati presidente;1349;100
2024-11-19 07:28:46;Perugia;CITERNA;LISTA;;Liste;1261;100
2024-11-19 07:28:56;Perugia;CITTA' DELLA PIEVE;LISTA;;PROIETTI STEFANIA;1804;62,40
2024-11-19 07:28:56;Perugia;CITTA' DELLA PIEVE;LISTA;;TESEI DONATELLA;970;33,55
2024-11-19 07:28:56;Perugia;CITTA' DELLA PIEVE;LISTA;;RIZZO MARCO;58;2,01
2024-11-19 07:28:56;Perugia;CITTA' DELLA PIEVE;LISTA;;LEONARDI MARTINA;21;0,73
2024-11-19 07:28:56;Perugia;CITTA' DELLA PIEVE;LISTA;;PASQUINELLI MORENO;12;0,42
2024-11-19 07:28:56;Perugia;CITTA' DELLA PIEVE;LISTA;;PAOLONE GIUSEPPE;9;0,31
2024-11-19 07:28:56;Perugia;CITTA' DELLA PIEVE;LISTA;;TRITTO GIUSEPPE;8;0,28
2024-11-19 07:28:56;Perugia;CITTA' DELLA PIEVE;LISTA;;FIORINI ELIA FRANCESCO;7;0,24
2024-11-19 07:28:56;Perugia;CITTA' DELLA PIEVE;LISTA;;PIGNALBERI FABRIZIO;2;0,07
2024-11-19 07:28:56;Perugia;CITTA' DELLA PIEVE;LISTA;;Candidati presidente;2891;100
2024-11-19 07:28:56;Perugia;CITTA' DELLA PIEVE;LISTA;;Liste;2583;100
2024-11-19 07:29:06;Perugia;CITTA' DI CASTELLO;LISTA;;PROIETTI STEFANIA;8353;52,01
2024-11-19 07:29:06;Perugia;CITTA' DI CASTELLO;LISTA;;TESEI DONATELLA;7261;45,21
2024-11-19 07:29:06;Perugia;CITTA' DI CASTELLO;LISTA;;RIZZO MARCO;194;1,21
2024-11-19 07:29:06;Perugia;CITTA' DI CASTELLO;LISTA;;LEONARDI MARTINA;73;0,45
2024-11-19 07:29:06;Perugia;CITTA' DI CASTELLO;LISTA;;TRITTO GIUSEPPE;63;0,39
2024-11-19 07:29:06;Perugia;CITTA' DI CASTELLO;LISTA;;FIORINI ELIA FRANCESCO;39;0,24
2024-11-19 07:29:06;Perugia;CITTA' DI CASTELLO;LISTA;;PASQUINELLI MORENO;34;0,21
2024-11-19 07:29:06;Perugia;CITTA' DI CASTELLO;LISTA;;PAOLONE GIUSEPPE;31;0,19
2024-11-19 07:29:06;Perugia;CITTA' DI CASTELLO;LISTA;;PIGNALBERI FABRIZIO;11;0,07
2024-11-19 07:29:06;Perugia;CITTA' DI CASTELLO;LISTA;;Candidati presidente;16059;100
2024-11-19 07:29:06;Perugia;CITTA' DI CASTELLO;LISTA;;Liste;14872;100
2024-11-19 07:29:16;Perugia;COLLAZZONE;LISTA;;TESEI DONATELLA;730;51,81
2024-11-19 07:29:16;Perugia;COLLAZZONE;LISTA;;PROIETTI STEFANIA;655;46,49
2024-11-19 07:29:16;Perugia;COLLAZZONE;LISTA;;RIZZO MARCO;11;0,78
2024-11-19 07:29:16;Perugia;COLLAZZONE;LISTA;;LEONARDI MARTINA;4;0,28
2024-11-19 07:29:16;Perugia;COLLAZZONE;LISTA;;FIORINI ELIA FRANCESCO;4;0,28
2024-11-19 07:29:16;Perugia;COLLAZZONE;LISTA;;TRITTO GIUSEPPE;4;0,28
2024-11-19 07:29:16;Perugia;COLLAZZONE;LISTA;;PASQUINELLI MORENO;1;0,07
2024-11-19 07:29:16;Perugia;COLLAZZONE;LISTA;;PAOLONE GIUSEPPE;0;0
2024-11-19 07:29:16;Perugia;COLLAZZONE;LISTA;;PIGNALBERI FABRIZIO;0;0
2024-11-19 07:29:16;Perugia;COLLAZZONE;LISTA;;Candidati presidente;1409;100
2024-11-19 07:29:16;Perugia;COLLAZZONE;LISTA;;Liste;1297;100
2024-11-19 07:29:26;Perugia;CORCIANO;LISTA;;PROIETTI STEFANIA;5103;55,69
2024-11-19 07:29:26;Perugia;CORCIANO;LISTA;;TESEI DONATELLA;3820;41,69
2024-11-19 07:29:26;Perugia;CORCIANO;LISTA;;RIZZO MARCO;91;0,99
2024-11-19 07:29:26;Perugia;CORCIANO;LISTA;;FIORINI ELIA FRANCESCO;40;0,44
2024-11-19 07:29:26;Perugia;CORCIANO;LISTA;;LEONARDI MARTINA;38;0,41
2024-11-19 07:29:26;Perugia;CORCIANO;LISTA;;PAOLONE GIUSEPPE;25;0,27
2024-11-19 07:29:26;Perugia;CORCIANO;LISTA;;PASQUINELLI MORENO;20;0,22
2024-11-19 07:29:26;Perugia;CORCIANO;LISTA;;TRITTO GIUSEPPE;19;0,21
2024-11-19 07:29:26;Perugia;CORCIANO;LISTA;;PIGNALBERI FABRIZIO;7;0,08
2024-11-19 07:29:26;Perugia;CORCIANO;LISTA;;Candidati presidente;9163;100
2024-11-19 07:29:27;Perugia;CORCIANO;LISTA;;Liste;8340;100
2024-11-19 07:29:37;Perugia;COSTACCIARO;LISTA;;PROIETTI STEFANIA;297;59,05
2024-11-19 07:29:37;Perugia;COSTACCIARO;LISTA;;TESEI DONATELLA;197;39,17
2024-11-19 07:29:37;Perugia;COSTACCIARO;LISTA;;RIZZO MARCO;4;0,80
2024-11-19 07:29:37;Perugia;COSTACCIARO;LISTA;;PASQUINELLI MORENO;2;0,40
2024-11-19 07:29:37;Perugia;COSTACCIARO;LISTA;;PAOLONE GIUSEPPE;1;0,20
2024-11-19 07:29:37;Perugia;COSTACCIARO;LISTA;;LEONARDI MARTINA;1;0,20
2024-11-19 07:29:37;Perugia;COSTACCIARO;LISTA;;FIORINI ELIA FRANCESCO;1;0,20
2024-11-19 07:29:37;Perugia;COSTACCIARO;LISTA;;TRITTO GIUSEPPE;0;0
2024-11-19 07:29:37;Perugia;COSTACCIARO;LISTA;;PIGNALBERI FABRIZIO;0;0
2024-11-19 07:29:37;Perugia;COSTACCIARO;LISTA;;Candidati presidente;503;100
2024-11-19 07:29:37;Perugia;COSTACCIARO;LISTA;;Liste;454;100
2024-11-19 07:29:47;Perugia;DERUTA;LISTA;;TESEI DONATELLA;2569;60,75
2024-11-19 07:29:47;Perugia;DERUTA;LISTA;;PROIETTI STEFANIA;1568;37,08
2024-11-19 07:29:47;Perugia;DERUTA;LISTA;;RIZZO MARCO;49;1,16
2024-11-19 07:29:47;Perugia;DERUTA;LISTA;;LEONARDI MARTINA;15;0,35
2024-11-19 07:29:47;Perugia;DERUTA;LISTA;;PASQUINELLI MORENO;8;0,19
2024-11-19 07:29:47;Perugia;DERUTA;LISTA;;FIORINI ELIA FRANCESCO;7;0,17
2024-11-19 07:29:47;Perugia;DERUTA;LISTA;;PAOLONE GIUSEPPE;5;0,12
2024-11-19 07:29:47;Perugia;DERUTA;LISTA;;TRITTO GIUSEPPE;5;0,12
2024-11-19 07:29:47;Perugia;DERUTA;LISTA;;PIGNALBERI FABRIZIO;3;0,07
2024-11-19 07:29:47;Perugia;DERUTA;LISTA;;Candidati presidente;4229;100
2024-11-19 07:29:47;Perugia;DERUTA;LISTA;;Liste;3944;100
2024-11-19 07:29:57;Perugia;FOLIGNO;LISTA;;PROIETTI STEFANIA;11975;53,14
2024-11-19 07:29:57;Perugia;FOLIGNO;LISTA;;TESEI DONATELLA;9936;44,09
2024-11-19 07:29:57;Perugia;FOLIGNO;LISTA;;RIZZO MARCO;234;1,04
2024-11-19 07:29:57;Perugia;FOLIGNO;LISTA;;TRITTO GIUSEPPE;150;0,67
2024-11-19 07:29:57;Perugia;FOLIGNO;LISTA;;LEONARDI MARTINA;71;0,32
2024-11-19 07:29:57;Perugia;FOLIGNO;LISTA;;PASQUINELLI MORENO;64;0,28
2024-11-19 07:29:57;Perugia;FOLIGNO;LISTA;;PAOLONE GIUSEPPE;44;0,20
2024-11-19 07:29:57;Perugia;FOLIGNO;LISTA;;FIORINI ELIA FRANCESCO;40;0,18
2024-11-19 07:29:57;Perugia;FOLIGNO;LISTA;;PIGNALBERI FABRIZIO;22;0,10
2024-11-19 07:29:57;Perugia;FOLIGNO;LISTA;;Candidati presidente;22536;100
2024-11-19 07:29:57;Perugia;FOLIGNO;LISTA;;Liste;19279;100
2024-11-19 07:30:07;Perugia;FOSSATO DI VICO;LISTA;;TESEI DONATELLA;494;52,44
2024-11-19 07:30:07;Perugia;FOSSATO DI VICO;LISTA;;PROIETTI STEFANIA;424;45,01
2024-11-19 07:30:07;Perugia;FOSSATO DI VICO;LISTA;;RIZZO MARCO;20;2,12
2024-11-19 07:30:07;Perugia;FOSSATO DI VICO;LISTA;;PAOLONE GIUSEPPE;3;0,32
2024-11-19 07:30:08;Perugia;FOSSATO DI VICO;LISTA;;FIORINI ELIA FRANCESCO;1;0,11
2024-11-19 07:30:08;Perugia;FOSSATO DI VICO;LISTA;;LEONARDI MARTINA;0;0
2024-11-19 07:30:08;Perugia;FOSSATO DI VICO;LISTA;;TRITTO GIUSEPPE;0;0
2024-11-19 07:30:08;Perugia;FOSSATO DI VICO;LISTA;;PASQUINELLI MORENO;0;0
2024-11-19 07:30:08;Perugia;FOSSATO DI VICO;LISTA;;PIGNALBERI FABRIZIO;0;0
2024-11-19 07:30:08;Perugia;FOSSATO DI VICO;LISTA;;Candidati presidente;942;100
2024-11-19 07:30:08;Perugia;FOSSATO DI VICO;LISTA;;Liste;871;100
2024-11-19 07:30:18;Perugia;FRATTA TODINA;LISTA;;PROIETTI STEFANIA;552;61,13
2024-11-19 07:30:18;Perugia;FRATTA TODINA;LISTA;;TESEI DONATELLA;337;37,32
2024-11-19 07:30:18;Perugia;FRATTA TODINA;LISTA;;RIZZO MARCO;7;0,78
2024-11-19 07:30:18;Perugia;FRATTA TODINA;LISTA;;PASQUINELLI MORENO;4;0,44
2024-11-19 07:30:18;Perugia;FRATTA TODINA;LISTA;;PAOLONE GIUSEPPE;1;0,11
2024-11-19 07:30:18;Perugia;FRATTA TODINA;LISTA;;LEONARDI MARTINA;1;0,11
2024-11-19 07:30:18;Perugia;FRATTA TODINA;LISTA;;FIORINI ELIA FRANCESCO;1;0,11
2024-11-19 07:30:18;Perugia;FRATTA TODINA;LISTA;;TRITTO GIUSEPPE;0;0
2024-11-19 07:30:18;Perugia;FRATTA TODINA;LISTA;;PIGNALBERI FABRIZIO;0;0
2024-11-19 07:30:18;Perugia;FRATTA TODINA;LISTA;;Candidati presidente;903;100
2024-11-19 07:30:18;Perugia;FRATTA TODINA;LISTA;;Liste;831;100
2024-11-19 07:30:28;Perugia;GIANO DELL'UMBRIA;LISTA;;TESEI DONATELLA;772;58,05
2024-11-19 07:30:28;Perugia;GIANO DELL'UMBRIA;LISTA;;PROIETTI STEFANIA;524;39,40
2024-11-19 07:30:28;Perugia;GIANO DELL'UMBRIA;LISTA;;TRITTO GIUSEPPE;10;0,75
2024-11-19 07:30:28;Perugia;GIANO DELL'UMBRIA;LISTA;;PASQUINELLI MORENO;10;0,75
2024-11-19 07:30:28;Perugia;GIANO DELL'UMBRIA;LISTA;;RIZZO MARCO;8;0,60
2024-11-19 07:30:28;Perugia;GIANO DELL'UMBRIA;LISTA;;LEONARDI MARTINA;3;0,23
2024-11-19 07:30:28;Perugia;GIANO DELL'UMBRIA;LISTA;;FIORINI ELIA FRANCESCO;2;0,15
2024-11-19 07:30:28;Perugia;GIANO DELL'UMBRIA;LISTA;;PAOLONE GIUSEPPE;1;0,08
2024-11-19 07:30:28;Perugia;GIANO DELL'UMBRIA;LISTA;;PIGNALBERI FABRIZIO;0;0
2024-11-19 07:30:28;Perugia;GIANO DELL'UMBRIA;LISTA;;Candidati presidente;1330;100
2024-11-19 07:30:28;Perugia;GIANO DELL'UMBRIA;LISTA;;Liste;1181;100
2024-11-19 07:30:38;Perugia;GUALDO CATTANEO;LISTA;;TESEI DONATELLA;1615;61,15
2024-11-19 07:30:38;Perugia;GUALDO CATTANEO;LISTA;;PROIETTI STEFANIA;981;37,15
2024-11-19 07:30:38;Perugia;GUALDO CATTANEO;LISTA;;RIZZO MARCO;19;0,72
2024-11-19 07:30:38;Perugia;GUALDO CATTANEO;LISTA;;LEONARDI MARTINA;9;0,34
2024-11-19 07:30:38;Perugia;GUALDO CATTANEO;LISTA;;PAOLONE GIUSEPPE;6;0,23
2024-11-19 07:30:38;Perugia;GUALDO CATTANEO;LISTA;;TRITTO GIUSEPPE;4;0,15
2024-11-19 07:30:38;Perugia;GUALDO CATTANEO;LISTA;;PASQUINELLI MORENO;4;0,15
2024-11-19 07:30:38;Perugia;GUALDO CATTANEO;LISTA;;FIORINI ELIA FRANCESCO;3;0,11
2024-11-19 07:30:38;Perugia;GUALDO CATTANEO;LISTA;;PIGNALBERI FABRIZIO;0;0
2024-11-19 07:30:38;Perugia;GUALDO CATTANEO;LISTA;;Candidati presidente;2641;100
2024-11-19 07:30:38;Perugia;GUALDO CATTANEO;LISTA;;Liste;2490;100
2024-11-19 07:30:48;Perugia;GUALDO TADINO;LISTA;;TESEI DONATELLA;3565;58,72
2024-11-19 07:30:48;Perugia;GUALDO TADINO;LISTA;;PROIETTI STEFANIA;2403;39,58
2024-11-19 07:30:48;Perugia;GUALDO TADINO;LISTA;;RIZZO MARCO;42;0,69
2024-11-19 07:30:48;Perugia;GUALDO TADINO;LISTA;;LEONARDI MARTINA;18;0,30
2024-11-19 07:30:48;Perugia;GUALDO TADINO;LISTA;;FIORINI ELIA FRANCESCO;12;0,20
2024-11-19 07:30:49;Perugia;GUALDO TADINO;LISTA;;PAOLONE GIUSEPPE;10;0,16
2024-11-19 07:30:49;Perugia;GUALDO TADINO;LISTA;;TRITTO GIUSEPPE;9;0,15
2024-11-19 07:30:49;Perugia;GUALDO TADINO;LISTA;;PASQUINELLI MORENO;8;0,13
2024-11-19 07:30:49;Perugia;GUALDO TADINO;LISTA;;PIGNALBERI FABRIZIO;4;0,07
2024-11-19 07:30:49;Perugia;GUALDO TADINO;LISTA;;Candidati presidente;6071;100
2024-11-19 07:30:49;Perugia;GUALDO TADINO;LISTA;;Liste;5630;100
2024-11-19 07:30:59;Perugia;GUBBIO;LISTA;;PROIETTI STEFANIA;7005;54,75
2024-11-19 07:30:59;Perugia;GUBBIO;LISTA;;TESEI DONATELLA;5450;42,59
2024-11-19 07:30:59;Perugia;GUBBIO;LISTA;;LEONARDI MARTINA;146;1,14
2024-11-19 07:30:59;Perugia;GUBBIO;LISTA;;RIZZO MARCO;113;0,88
2024-11-19 07:30:59;Perugia;GUBBIO;LISTA;;PAOLONE GIUSEPPE;21;0,16
2024-11-19 07:30:59;Perugia;GUBBIO;LISTA;;TRITTO GIUSEPPE;17;0,13
2024-11-19 07:30:59;Perugia;GUBBIO;LISTA;;PASQUINELLI MORENO;17;0,13
2024-11-19 07:30:59;Perugia;GUBBIO;LISTA;;FIORINI ELIA FRANCESCO;14;0,11
2024-11-19 07:30:59;Perugia;GUBBIO;LISTA;;PIGNALBERI FABRIZIO;12;0,09
2024-11-19 07:30:59;Perugia;GUBBIO;LISTA;;Candidati presidente;12795;100
2024-11-19 07:30:59;Perugia;GUBBIO;LISTA;;Liste;11200;100
2024-11-19 07:31:09;Perugia;LISCIANO NICCONE;LISTA;;PROIETTI STEFANIA;113;68,90
2024-11-19 07:31:09;Perugia;LISCIANO NICCONE;LISTA;;TESEI DONATELLA;47;28,66
2024-11-19 07:31:09;Perugia;LISCIANO NICCONE;LISTA;;RIZZO MARCO;3;1,83
2024-11-19 07:31:09;Perugia;LISCIANO NICCONE;LISTA;;FIORINI ELIA FRANCESCO;1;0,61
2024-11-19 07:31:09;Perugia;LISCIANO NICCONE;LISTA;;PAOLONE GIUSEPPE;0;0
2024-11-19 07:31:09;Perugia;LISCIANO NICCONE;LISTA;;LEONARDI MARTINA;0;0
2024-11-19 07:31:09;Perugia;LISCIANO NICCONE;LISTA;;TRITTO GIUSEPPE;0;0
2024-11-19 07:31:09;Perugia;LISCIANO NICCONE;LISTA;;PASQUINELLI MORENO;0;0
2024-11-19 07:31:09;Perugia;LISCIANO NICCONE;LISTA;;PIGNALBERI FABRIZIO;0;0
2024-11-19 07:31:09;Perugia;LISCIANO NICCONE;LISTA;;Candidati presidente;164;100
2024-11-19 07:31:09;Perugia;LISCIANO NICCONE;LISTA;;Liste;154;100
2024-11-19 07:31:19;Perugia;MAGIONE;LISTA;;PROIETTI STEFANIA;2883;52,88
2024-11-19 07:31:19;Perugia;MAGIONE;LISTA;;TESEI DONATELLA;2332;42,77
2024-11-19 07:31:19;Perugia;MAGIONE;LISTA;;FIORINI ELIA FRANCESCO;131;2,40
2024-11-19 07:31:19;Perugia;MAGIONE;LISTA;;RIZZO MARCO;59;1,08
2024-11-19 07:31:19;Perugia;MAGIONE;LISTA;;LEONARDI MARTINA;20;0,37
2024-11-19 07:31:19;Perugia;MAGIONE;LISTA;;PASQUINELLI MORENO;12;0,22
2024-11-19 07:31:19;Perugia;MAGIONE;LISTA;;PAOLONE GIUSEPPE;11;0,20
2024-11-19 07:31:19;Perugia;MAGIONE;LISTA;;TRITTO GIUSEPPE;3;0,06
2024-11-19 07:31:19;Perugia;MAGIONE;LISTA;;PIGNALBERI FABRIZIO;1;0,02
2024-11-19 07:31:19;Perugia;MAGIONE;LISTA;;Candidati presidente;5452;100
2024-11-19 07:31:19;Perugia;MAGIONE;LISTA;;Liste;4955;100
2024-11-19 07:31:29;Perugia;MARSCIANO;LISTA;;PROIETTI STEFANIA;4414;54,60
2024-11-19 07:31:29;Perugia;MARSCIANO;LISTA;;TESEI DONATELLA;3486;43,12
2024-11-19 07:31:29;Perugia;MARSCIANO;LISTA;;RIZZO MARCO;92;1,14
2024-11-19 07:31:29;Perugia;MARSCIANO;LISTA;;PAOLONE GIUSEPPE;33;0,41
2024-11-19 07:31:29;Perugia;MARSCIANO;LISTA;;LEONARDI MARTINA;19;0,24
2024-11-19 07:31:29;Perugia;MARSCIANO;LISTA;;FIORINI ELIA FRANCESCO;17;0,21
2024-11-19 07:31:29;Perugia;MARSCIANO;LISTA;;PASQUINELLI MORENO;16;0,20
2024-11-19 07:31:29;Perugia;MARSCIANO;LISTA;;TRITTO GIUSEPPE;6;0,07
2024-11-19 07:31:29;Perugia;MARSCIANO;LISTA;;PIGNALBERI FABRIZIO;1;0,01
2024-11-19 07:31:30;Perugia;MARSCIANO;LISTA;;Candidati presidente;8084;100
2024-11-19 07:31:30;Perugia;MARSCIANO;LISTA;;Liste;7320;100
2024-11-19 07:31:40;Perugia;MASSA MARTANA;LISTA;;PROIETTI STEFANIA;711;49,14
2024-11-19 07:31:40;Perugia;MASSA MARTANA;LISTA;;TESEI DONATELLA;698;48,24
2024-11-19 07:31:40;Perugia;MASSA MARTANA;LISTA;;RIZZO MARCO;20;1,38
2024-11-19 07:31:40;Perugia;MASSA MARTANA;LISTA;;TRITTO GIUSEPPE;5;0,35
2024-11-19 07:31:40;Perugia;MASSA MARTANA;LISTA;;PAOLONE GIUSEPPE;4;0,28
2024-11-19 07:31:40;Perugia;MASSA MARTANA;LISTA;;LEONARDI MARTINA;4;0,28
2024-11-19 07:31:40;Perugia;MASSA MARTANA;LISTA;;FIORINI ELIA FRANCESCO;3;0,21
2024-11-19 07:31:40;Perugia;MASSA MARTANA;LISTA;;PASQUINELLI MORENO;1;0,07
2024-11-19 07:31:40;Perugia;MASSA MARTANA;LISTA;;PIGNALBERI FABRIZIO;1;0,07
2024-11-19 07:31:40;Perugia;MASSA MARTANA;LISTA;;Candidati presidente;1447;100
2024-11-19 07:31:40;Perugia;MASSA MARTANA;LISTA;;Liste;1310;100
2024-11-19 07:31:50;Perugia;MONTE CASTELLO DI VIBIO;LISTA;;PROIETTI STEFANIA;383;54,79
2024-11-19 07:31:50;Perugia;MONTE CASTELLO DI VIBIO;LISTA;;TESEI DONATELLA;299;42,78
2024-11-19 07:31:50;Perugia;MONTE CASTELLO DI VIBIO;LISTA;;RIZZO MARCO;5;0,72
2024-11-19 07:31:50;Perugia;MONTE CASTELLO DI VIBIO;LISTA;;TRITTO GIUSEPPE;5;0,72
2024-11-19 07:31:50;Perugia;MONTE CASTELLO DI VIBIO;LISTA;;LEONARDI MARTINA;4;0,57
2024-11-19 07:31:50;Perugia;MONTE CASTELLO DI VIBIO;LISTA;;FIORINI ELIA FRANCESCO;2;0,29
2024-11-19 07:31:50;Perugia;MONTE CASTELLO DI VIBIO;LISTA;;PAOLONE GIUSEPPE;1;0,14
2024-11-19 07:31:50;Perugia;MONTE CASTELLO DI VIBIO;LISTA;;PASQUINELLI MORENO;0;0
2024-11-19 07:31:50;Perugia;MONTE CASTELLO DI VIBIO;LISTA;;PIGNALBERI FABRIZIO;0;0
2024-11-19 07:31:50;Perugia;MONTE CASTELLO DI VIBIO;LISTA;;Candidati presidente;699;100
2024-11-19 07:31:50;Perugia;MONTE CASTELLO DI VIBIO;LISTA;;Liste;639;100
2024-11-19 07:32:01;Perugia;MONTE SANTA MARIA TIBERINA;LISTA;;PROIETTI STEFANIA;370;63,57
2024-11-19 07:32:01;Perugia;MONTE SANTA MARIA TIBERINA;LISTA;;TESEI DONATELLA;202;34,71
2024-11-19 07:32:01;Perugia;MONTE SANTA MARIA TIBERINA;LISTA;;RIZZO MARCO;8;1,37
2024-11-19 07:32:01;Perugia;MONTE SANTA MARIA TIBERINA;LISTA;;LEONARDI MARTINA;1;0,17
2024-11-19 07:32:01;Perugia;MONTE SANTA MARIA TIBERINA;LISTA;;PASQUINELLI MORENO;1;0,17
2024-11-19 07:32:01;Perugia;MONTE SANTA MARIA TIBERINA;LISTA;;PAOLONE GIUSEPPE;0;0
2024-11-19 07:32:01;Perugia;MONTE SANTA MARIA TIBERINA;LISTA;;FIORINI ELIA FRANCESCO;0;0
2024-11-19 07:32:01;Perugia;MONTE SANTA MARIA TIBERINA;LISTA;;TRITTO GIUSEPPE;0;0
2024-11-19 07:32:01;Perugia;MONTE SANTA MARIA TIBERINA;LISTA;;PIGNALBERI FABRIZIO;0;0
2024-11-19 07:32:01;Perugia;MONTE SANTA MARIA TIBERINA;LISTA;;Candidati presidente;582;100
2024-11-19 07:32:01;Perugia;MONTE SANTA MARIA TIBERINA;LISTA;;Liste;571;100
2024-11-19 07:32:11;Perugia;MONTEFALCO;LISTA;;TESEI DONATELLA;1279;53,18
2024-11-19 07:32:11;Perugia;MONTEFALCO;LISTA;;PROIETTI STEFANIA;1065;44,28
2024-11-19 07:32:11;Perugia;MONTEFALCO;LISTA;;RIZZO MARCO;25;1,04
2024-11-19 07:32:11;Perugia;MONTEFALCO;LISTA;;LEONARDI MARTINA;15;0,62
2024-11-19 07:32:11;Perugia;MONTEFALCO;LISTA;;TRITTO GIUSEPPE;9;0,37
2024-11-19 07:32:11;Perugia;MONTEFALCO;LISTA;;PASQUINELLI MORENO;7;0,29
2024-11-19 07:32:11;Perugia;MONTEFALCO;LISTA;;PAOLONE GIUSEPPE;2;0,08
2024-11-19 07:32:11;Perugia;MONTEFALCO;LISTA;;FIORINI ELIA FRANCESCO;2;0,08
2024-11-19 07:32:11;Perugia;MONTEFALCO;LISTA;;PIGNALBERI FABRIZIO;1;0,04
2024-11-19 07:32:11;Perugia;MONTEFALCO;LISTA;;Candidati presidente;2405;100
2024-11-19 07:32:11;Perugia;MONTEFALCO;LISTA;;Liste;2163;100
2024-11-19 07:32:21;Perugia;MONTELEONE DI SPOLETO;LISTA;;TESEI DONATELLA;174;70,16
2024-11-19 07:32:21;Perugia;MONTELEONE DI SPOLETO;LISTA;;PROIETTI STEFANIA;65;26,21
2024-11-19 07:32:21;Perugia;MONTELEONE DI SPOLETO;LISTA;;RIZZO MARCO;5;2,02
2024-11-19 07:32:21;Perugia;MONTELEONE DI SPOLETO;LISTA;;PAOLONE GIUSEPPE;1;0,40
2024-11-19 07:32:21;Perugia;MONTELEONE DI SPOLETO;LISTA;;LEONARDI MARTINA;1;0,40
2024-11-19 07:32:21;Perugia;MONTELEONE DI SPOLETO;LISTA;;FIORINI ELIA FRANCESCO;1;0,40
2024-11-19 07:32:21;Perugia;MONTELEONE DI SPOLETO;LISTA;;TRITTO GIUSEPPE;1;0,40
2024-11-19 07:32:21;Perugia;MONTELEONE DI SPOLETO;LISTA;;PASQUINELLI MORENO;0;0
2024-11-19 07:32:21;Perugia;MONTELEONE DI SPOLETO;LISTA;;PIGNALBERI FABRIZIO;0;0
2024-11-19 07:32:21;Perugia;MONTELEONE DI SPOLETO;LISTA;;Candidati presidente;248;100
2024-11-19 07:32:21;Perugia;MONTELEONE DI SPOLETO;LISTA;;Liste;237;100
2024-11-19 07:32:32;Perugia;MONTONE;LISTA;;PROIETTI STEFANIA;476;61,50
2024-11-19 07:32:32;Perugia;MONTONE;LISTA;;TESEI DONATELLA;267;34,50
2024-11-19 07:32:32;Perugia;MONTONE;LISTA;;PAOLONE GIUSEPPE;11;1,42
2024-11-19 07:32:32;Perugia;MONTONE;LISTA;;RIZZO MARCO;9;1,16
2024-11-19 07:32:32;Perugia;MONTONE;LISTA;;PASQUINELLI MORENO;7;0,90
2024-11-19 07:32:32;Perugia;MONTONE;LISTA;;LEONARDI MARTINA;2;0,26
2024-11-19 07:32:32;Perugia;MONTONE;LISTA;;FIORINI ELIA FRANCESCO;2;0,26
2024-11-19 07:32:32;Perugia;MONTONE;LISTA;;TRITTO GIUSEPPE;0;0
2024-11-19 07:32:32;Perugia;MONTONE;LISTA;;PIGNALBERI FABRIZIO;0;0
2024-11-19 07:32:32;Perugia;MONTONE;LISTA;;Candidati presidente;774;100
2024-11-19 07:32:32;Perugia;MONTONE;LISTA;;Liste;741;100
2024-11-19 07:32:42;Perugia;NOCERA UMBRA;LISTA;;TESEI DONATELLA;1269;54,77
2024-11-19 07:32:42;Perugia;NOCERA UMBRA;LISTA;;PROIETTI STEFANIA;996;42,99
2024-11-19 07:32:42;Perugia;NOCERA UMBRA;LISTA;;RIZZO MARCO;19;0,82
2024-11-19 07:32:42;Perugia;NOCERA UMBRA;LISTA;;TRITTO GIUSEPPE;11;0,47
2024-11-19 07:32:42;Perugia;NOCERA UMBRA;LISTA;;PAOLONE GIUSEPPE;7;0,30
2024-11-19 07:32:42;Perugia;NOCERA UMBRA;LISTA;;LEONARDI MARTINA;6;0,26
2024-11-19 07:32:42;Perugia;NOCERA UMBRA;LISTA;;PIGNALBERI FABRIZIO;4;0,17
2024-11-19 07:32:42;Perugia;NOCERA UMBRA;LISTA;;PASQUINELLI MORENO;3;0,13
2024-11-19 07:32:42;Perugia;NOCERA UMBRA;LISTA;;FIORINI ELIA FRANCESCO;2;0,09
2024-11-19 07:32:42;Perugia;NOCERA UMBRA;LISTA;;Candidati presidente;2317;100
2024-11-19 07:32:42;Perugia;NOCERA UMBRA;LISTA;;Liste;2155;100
2024-11-19 07:32:52;Perugia;NORCIA;LISTA;;TESEI DONATELLA;1226;64,32
2024-11-19 07:32:52;Perugia;NORCIA;LISTA;;PROIETTI STEFANIA;657;34,47
2024-11-19 07:32:52;Perugia;NORCIA;LISTA;;RIZZO MARCO;15;0,79
2024-11-19 07:32:52;Perugia;NORCIA;LISTA;;FIORINI ELIA FRANCESCO;4;0,21
2024-11-19 07:32:52;Perugia;NORCIA;LISTA;;LEONARDI MARTINA;2;0,10
2024-11-19 07:32:52;Perugia;NORCIA;LISTA;;PIGNALBERI FABRIZIO;2;0,10
2024-11-19 07:32:52;Perugia;NORCIA;LISTA;;PAOLONE GIUSEPPE;0;0
2024-11-19 07:32:52;Perugia;NORCIA;LISTA;;TRITTO GIUSEPPE;0;0
2024-11-19 07:32:52;Perugia;NORCIA;LISTA;;PASQUINELLI MORENO;0;0
2024-11-19 07:32:52;Perugia;NORCIA;LISTA;;Candidati presidente;1906;100
2024-11-19 07:32:52;Perugia;NORCIA;LISTA;;Liste;1798;100
2024-11-19 07:33:02;Perugia;PACIANO;LISTA;;PROIETTI STEFANIA;325;73,03
2024-11-19 07:33:02;Perugia;PACIANO;LISTA;;TESEI DONATELLA;95;21,35
2024-11-19 07:33:02;Perugia;PACIANO;LISTA;;FIORINI ELIA FRANCESCO;20;4,49
2024-11-19 07:33:02;Perugia;PACIANO;LISTA;;RIZZO MARCO;3;0,67
2024-11-19 07:33:02;Perugia;PACIANO;LISTA;;LEONARDI MARTINA;1;0,22
2024-11-19 07:33:02;Perugia;PACIANO;LISTA;;TRITTO GIUSEPPE;1;0,22
2024-11-19 07:33:02;Perugia;PACIANO;LISTA;;PAOLONE GIUSEPPE;0;0
2024-11-19 07:33:02;Perugia;PACIANO;LISTA;;PASQUINELLI MORENO;0;0
2024-11-19 07:33:02;Perugia;PACIANO;LISTA;;PIGNALBERI FABRIZIO;0;0
2024-11-19 07:33:02;Perugia;PACIANO;LISTA;;Candidati presidente;445;100
2024-11-19 07:33:02;Perugia;PACIANO;LISTA;;Liste;423;100
2024-11-19 07:33:13;Perugia;PANICALE;LISTA;;PROIETTI STEFANIA;1320;60,69
2024-11-19 07:33:13;Perugia;PANICALE;LISTA;;TESEI DONATELLA;775;35,63
2024-11-19 07:33:13;Perugia;PANICALE;LISTA;;RIZZO MARCO;38;1,75
2024-11-19 07:33:13;Perugia;PANICALE;LISTA;;FIORINI ELIA FRANCESCO;17;0,78
2024-11-19 07:33:13;Perugia;PANICALE;LISTA;;PAOLONE GIUSEPPE;10;0,46
2024-11-19 07:33:13;Perugia;PANICALE;LISTA;;LEONARDI MARTINA;10;0,46
2024-11-19 07:33:13;Perugia;PANICALE;LISTA;;PASQUINELLI MORENO;2;0,09
2024-11-19 07:33:13;Perugia;PANICALE;LISTA;;PIGNALBERI FABRIZIO;2;0,09
2024-11-19 07:33:13;Perugia;PANICALE;LISTA;;TRITTO GIUSEPPE;1;0,05
2024-11-19 07:33:13;Perugia;PANICALE;LISTA;;Candidati presidente;2175;100
2024-11-19 07:33:13;Perugia;PANICALE;LISTA;;Liste;2038;100
2024-11-19 07:33:23;Perugia;PASSIGNANO SUL TRASIMENO;LISTA;;TESEI DONATELLA;1134;48,84
2024-11-19 07:33:23;Perugia;PASSIGNANO SUL TRASIMENO;LISTA;;PROIETTI STEFANIA;1103;47,50
2024-11-19 07:33:23;Perugia;PASSIGNANO SUL TRASIMENO;LISTA;;RIZZO MARCO;42;1,81
2024-11-19 07:33:23;Perugia;PASSIGNANO SUL TRASIMENO;LISTA;;LEONARDI MARTINA;16;0,69
2024-11-19 07:33:23;Perugia;PASSIGNANO SUL TRASIMENO;LISTA;;FIORINI ELIA FRANCESCO;9;0,39
2024-11-19 07:33:23;Perugia;PASSIGNANO SUL TRASIMENO;LISTA;;PAOLONE GIUSEPPE;7;0,30
2024-11-19 07:33:23;Perugia;PASSIGNANO SUL TRASIMENO;LISTA;;PASQUINELLI MORENO;6;0,26
2024-11-19 07:33:23;Perugia;PASSIGNANO SUL TRASIMENO;LISTA;;TRITTO GIUSEPPE;4;0,17
2024-11-19 07:33:23;Perugia;PASSIGNANO SUL TRASIMENO;LISTA;;PIGNALBERI FABRIZIO;1;0,04
2024-11-19 07:33:23;Perugia;PASSIGNANO SUL TRASIMENO;LISTA;;Candidati presidente;2322;100
2024-11-19 07:33:23;Perugia;PASSIGNANO SUL TRASIMENO;LISTA;;Liste;2105;100
2024-11-19 07:33:33;Perugia;PERUGIA;LISTA;;PROIETTI STEFANIA;37720;53,22
2024-11-19 07:33:33;Perugia;PERUGIA;LISTA;;TESEI DONATELLA;31297;44,16
2024-11-19 07:33:33;Perugia;PERUGIA;LISTA;;RIZZO MARCO;863;1,22
2024-11-19 07:33:33;Perugia;PERUGIA;LISTA;;LEONARDI MARTINA;277;0,39
2024-11-19 07:33:33;Perugia;PERUGIA;LISTA;;PAOLONE GIUSEPPE;219;0,31
2024-11-19 07:33:33;Perugia;PERUGIA;LISTA;;PASQUINELLI MORENO;173;0,24
2024-11-19 07:33:33;Perugia;PERUGIA;LISTA;;FIORINI ELIA FRANCESCO;153;0,22
2024-11-19 07:33:33;Perugia;PERUGIA;LISTA;;TRITTO GIUSEPPE;131;0,18
2024-11-19 07:33:33;Perugia;PERUGIA;LISTA;;PIGNALBERI FABRIZIO;36;0,05
2024-11-19 07:33:33;Perugia;PERUGIA;LISTA;;Candidati presidente;70869;100
2024-11-19 07:33:33;Perugia;PERUGIA;LISTA;;Liste;62325;100
2024-11-19 07:33:43;Perugia;PIEGARO;LISTA;;PROIETTI STEFANIA;852;60,47
2024-11-19 07:33:43;Perugia;PIEGARO;LISTA;;TESEI DONATELLA;503;35,70
2024-11-19 07:33:43;Perugia;PIEGARO;LISTA;;RIZZO MARCO;24;1,70
2024-11-19 07:33:43;Perugia;PIEGARO;LISTA;;PAOLONE GIUSEPPE;9;0,64
2024-11-19 07:33:43;Perugia;PIEGARO;LISTA;;LEONARDI MARTINA;8;0,57
2024-11-19 07:33:43;Perugia;PIEGARO;LISTA;;FIORINI ELIA FRANCESCO;8;0,57
2024-11-19 07:33:43;Perugia;PIEGARO;LISTA;;PIGNALBERI FABRIZIO;3;0,21
2024-11-19 07:33:43;Perugia;PIEGARO;LISTA;;PASQUINELLI MORENO;2;0,14
2024-11-19 07:33:43;Perugia;PIEGARO;LISTA;;TRITTO GIUSEPPE;0;0
2024-11-19 07:33:44;Perugia;PIEGARO;LISTA;;Candidati presidente;1409;100
2024-11-19 07:33:44;Perugia;PIEGARO;LISTA;;Liste;1329;100
2024-11-19 07:33:54;Perugia;PIETRALUNGA;LISTA;;TESEI DONATELLA;466;49,10
2024-11-19 07:33:54;Perugia;PIETRALUNGA;LISTA;;PROIETTI STEFANIA;448;47,21
2024-11-19 07:33:54;Perugia;PIETRALUNGA;LISTA;;RIZZO MARCO;21;2,21
2024-11-19 07:33:54;Perugia;PIETRALUNGA;LISTA;;LEONARDI MARTINA;5;0,53
2024-11-19 07:33:54;Perugia;PIETRALUNGA;LISTA;;PAOLONE GIUSEPPE;4;0,42
2024-11-19 07:33:54;Perugia;PIETRALUNGA;LISTA;;TRITTO GIUSEPPE;3;0,32
2024-11-19 07:33:54;Perugia;PIETRALUNGA;LISTA;;PASQUINELLI MORENO;2;0,21
2024-11-19 07:33:54;Perugia;PIETRALUNGA;LISTA;;FIORINI ELIA FRANCESCO;0;0
2024-11-19 07:33:54;Perugia;PIETRALUNGA;LISTA;;PIGNALBERI FABRIZIO;0;0
2024-11-19 07:33:54;Perugia;PIETRALUNGA;LISTA;;Candidati presidente;949;100
2024-11-19 07:33:54;Perugia;PIETRALUNGA;LISTA;;Liste;910;100
2024-11-19 07:34:04;Perugia;POGGIODOMO;LISTA;;TESEI DONATELLA;26;59,09
2024-11-19 07:34:04;Perugia;POGGIODOMO;LISTA;;PROIETTI STEFANIA;18;40,91
2024-11-19 07:34:04;Perugia;POGGIODOMO;LISTA;;PAOLONE GIUSEPPE;0;0
2024-11-19 07:34:04;Perugia;POGGIODOMO;LISTA;;RIZZO MARCO;0;0
2024-11-19 07:34:04;Perugia;POGGIODOMO;LISTA;;LEONARDI MARTINA;0;0
2024-11-19 07:34:04;Perugia;POGGIODOMO;LISTA;;FIORINI ELIA FRANCESCO;0;0
2024-11-19 07:34:04;Perugia;POGGIODOMO;LISTA;;TRITTO GIUSEPPE;0;0
2024-11-19 07:34:04;Perugia;POGGIODOMO;LISTA;;PASQUINELLI MORENO;0;0
2024-11-19 07:34:04;Perugia;POGGIODOMO;LISTA;;PIGNALBERI FABRIZIO;0;0
2024-11-19 07:34:04;Perugia;POGGIODOMO;LISTA;;Candidati presidente;44;100
2024-11-19 07:34:04;Perugia;POGGIODOMO;LISTA;;Liste;40;100
2024-11-19 07:34:14;Perugia;PRECI;LISTA;;TESEI DONATELLA;240;71,01
2024-11-19 07:34:14;Perugia;PRECI;LISTA;;PROIETTI STEFANIA;89;26,33
2024-11-19 07:34:14;Perugia;PRECI;LISTA;;RIZZO MARCO;2;0,59
2024-11-19 07:34:14;Perugia;PRECI;LISTA;;TRITTO GIUSEPPE;2;0,59
2024-11-19 07:34:14;Perugia;PRECI;LISTA;;PIGNALBERI FABRIZIO;2;0,59
2024-11-19 07:34:14;Perugia;PRECI;LISTA;;LEONARDI MARTINA;1;0,30
2024-11-19 07:34:14;Perugia;PRECI;LISTA;;FIORINI ELIA FRANCESCO;1;0,30
2024-11-19 07:34:14;Perugia;PRECI;LISTA;;PASQUINELLI MORENO;1;0,30
2024-11-19 07:34:14;Perugia;PRECI;LISTA;;PAOLONE GIUSEPPE;0;0
2024-11-19 07:34:14;Perugia;PRECI;LISTA;;Candidati presidente;338;100
2024-11-19 07:34:14;Perugia;PRECI;LISTA;;Liste;321;100
2024-11-19 07:34:25;Perugia;SAN GIUSTINO;LISTA;;PROIETTI STEFANIA;2294;51,67
2024-11-19 07:34:25;Perugia;SAN GIUSTINO;LISTA;;TESEI DONATELLA;2027;45,65
2024-11-19 07:34:25;Perugia;SAN GIUSTINO;LISTA;;RIZZO MARCO;52;1,17
2024-11-19 07:34:25;Perugia;SAN GIUSTINO;LISTA;;LEONARDI MARTINA;28;0,63
2024-11-19 07:34:25;Perugia;SAN GIUSTINO;LISTA;;PASQUINELLI MORENO;12;0,27
2024-11-19 07:34:25;Perugia;SAN GIUSTINO;LISTA;;PAOLONE GIUSEPPE;9;0,20
2024-11-19 07:34:25;Perugia;SAN GIUSTINO;LISTA;;TRITTO GIUSEPPE;7;0,16
2024-11-19 07:34:25;Perugia;SAN GIUSTINO;LISTA;;FIORINI ELIA FRANCESCO;6;0,14
2024-11-19 07:34:25;Perugia;SAN GIUSTINO;LISTA;;PIGNALBERI FABRIZIO;5;0,11
2024-11-19 07:34:25;Perugia;SAN GIUSTINO;LISTA;;Candidati presidente;4440;100
2024-11-19 07:34:25;Perugia;SAN GIUSTINO;LISTA;;Liste;4204;100
2024-11-19 07:34:35;Perugia;SANT'ANATOLIA DI NARCO;LISTA;;PROIETTI STEFANIA;118;50,00
2024-11-19 07:34:35;Perugia;SANT'ANATOLIA DI NARCO;LISTA;;TESEI DONATELLA;113;47,88
2024-11-19 07:34:35;Perugia;SANT'ANATOLIA DI NARCO;LISTA;;RIZZO MARCO;4;1,69
2024-11-19 07:34:35;Perugia;SANT'ANATOLIA DI NARCO;LISTA;;TRITTO GIUSEPPE;1;0,42
2024-11-19 07:34:35;Perugia;SANT'ANATOLIA DI NARCO;LISTA;;PAOLONE GIUSEPPE;0;0
2024-11-19 07:34:35;Perugia;SANT'ANATOLIA DI NARCO;LISTA;;LEONARDI MARTINA;0;0
2024-11-19 07:34:35;Perugia;SANT'ANATOLIA DI NARCO;LISTA;;FIORINI ELIA FRANCESCO;0;0
2024-11-19 07:34:35;Perugia;SANT'ANATOLIA DI NARCO;LISTA;;PASQUINELLI MORENO;0;0
2024-11-19 07:34:35;Perugia;SANT'ANATOLIA DI NARCO;LISTA;;PIGNALBERI FABRIZIO;0;0
2024-11-19 07:34:35;Perugia;SANT'ANATOLIA DI NARCO;LISTA;;Candidati presidente;236;100
2024-11-19 07:34:35;Perugia;SANT'ANATOLIA DI NARCO;LISTA;;Liste;212;100
2024-11-19 07:34:45;Perugia;SCHEGGIA E PASCELUPO;LISTA;;TESEI DONATELLA;282;52,81
2024-11-19 07:34:45;Perugia;SCHEGGIA E PASCELUPO;LISTA;;PROIETTI STEFANIA;236;44,19
2024-11-19 07:34:45;Perugia;SCHEGGIA E PASCELUPO;LISTA;;RIZZO MARCO;9;1,69
2024-11-19 07:34:45;Perugia;SCHEGGIA E PASCELUPO;LISTA;;PASQUINELLI MORENO;3;0,56
2024-11-19 07:34:45;Perugia;SCHEGGIA E PASCELUPO;LISTA;;PIGNALBERI FABRIZIO;3;0,56
2024-11-19 07:34:45;Perugia;SCHEGGIA E PASCELUPO;LISTA;;TRITTO GIUSEPPE;1;0,19
2024-11-19 07:34:45;Perugia;SCHEGGIA E PASCELUPO;LISTA;;PAOLONE GIUSEPPE;0;0
2024-11-19 07:34:45;Perugia;SCHEGGIA E PASCELUPO;LISTA;;LEONARDI MARTINA;0;0
2024-11-19 07:34:45;Perugia;SCHEGGIA E PASCELUPO;LISTA;;FIORINI ELIA FRANCESCO;0;0
2024-11-19 07:34:45;Perugia;SCHEGGIA E PASCELUPO;LISTA;;Candidati presidente;534;100
2024-11-19 07:34:45;Perugia;SCHEGGIA E PASCELUPO;LISTA;;Liste;497;100
2024-11-19 07:34:55;Perugia;SCHEGGINO;LISTA;;TESEI DONATELLA;161;68,51
2024-11-19 07:34:55;Perugia;SCHEGGINO;LISTA;;PROIETTI STEFANIA;70;29,79
2024-11-19 07:34:55;Perugia;SCHEGGINO;LISTA;;LEONARDI MARTINA;2;0,85
2024-11-19 07:34:55;Perugia;SCHEGGINO;LISTA;;TRITTO GIUSEPPE;2;0,85
2024-11-19 07:34:55;Perugia;SCHEGGINO;LISTA;;PAOLONE GIUSEPPE;0;0
2024-11-19 07:34:55;Perugia;SCHEGGINO;LISTA;;RIZZO MARCO;0;0
2024-11-19 07:34:55;Perugia;SCHEGGINO;LISTA;;FIORINI ELIA FRANCESCO;0;0
2024-11-19 07:34:55;Perugia;SCHEGGINO;LISTA;;PASQUINELLI MORENO;0;0
2024-11-19 07:34:55;Perugia;SCHEGGINO;LISTA;;PIGNALBERI FABRIZIO;0;0
2024-11-19 07:34:55;Perugia;SCHEGGINO;LISTA;;Candidati presidente;235;100
2024-11-19 07:34:55;Perugia;SCHEGGINO;LISTA;;Liste;214;100
2024-11-19 07:35:06;Perugia;SELLANO;LISTA;;TESEI DONATELLA;237;56,43
2024-11-19 07:35:06;Perugia;SELLANO;LISTA;;PROIETTI STEFANIA;172;40,95
2024-11-19 07:35:06;Perugia;SELLANO;LISTA;;RIZZO MARCO;5;1,19
2024-11-19 07:35:06;Perugia;SELLANO;LISTA;;LEONARDI MARTINA;2;0,48
2024-11-19 07:35:06;Perugia;SELLANO;LISTA;;FIORINI ELIA FRANCESCO;2;0,48
2024-11-19 07:35:06;Perugia;SELLANO;LISTA;;TRITTO GIUSEPPE;2;0,48
2024-11-19 07:35:06;Perugia;SELLANO;LISTA;;PAOLONE GIUSEPPE;0;0
2024-11-19 07:35:06;Perugia;SELLANO;LISTA;;PASQUINELLI MORENO;0;0
2024-11-19 07:35:06;Perugia;SELLANO;LISTA;;PIGNALBERI FABRIZIO;0;0
2024-11-19 07:35:06;Perugia;SELLANO;LISTA;;Candidati presidente;420;100
2024-11-19 07:35:06;Perugia;SELLANO;LISTA;;Liste;382;100
2024-11-19 07:35:16;Perugia;SIGILLO;LISTA;;PROIETTI STEFANIA;520;50,73
2024-11-19 07:35:16;Perugia;SIGILLO;LISTA;;TESEI DONATELLA;479;46,73
2024-11-19 07:35:16;Perugia;SIGILLO;LISTA;;LEONARDI MARTINA;12;1,17
2024-11-19 07:35:16;Perugia;SIGILLO;LISTA;;RIZZO MARCO;9;0,88
2024-11-19 07:35:16;Perugia;SIGILLO;LISTA;;FIORINI ELIA FRANCESCO;2;0,20
2024-11-19 07:35:16;Perugia;SIGILLO;LISTA;;PASQUINELLI MORENO;2;0,20
2024-11-19 07:35:16;Perugia;SIGILLO;LISTA;;TRITTO GIUSEPPE;1;0,10
2024-11-19 07:35:16;Perugia;SIGILLO;LISTA;;PAOLONE GIUSEPPE;0;0
2024-11-19 07:35:16;Perugia;SIGILLO;LISTA;;PIGNALBERI FABRIZIO;0;0
2024-11-19 07:35:16;Perugia;SIGILLO;LISTA;;Candidati presidente;1025;100
2024-11-19 07:35:16;Perugia;SIGILLO;LISTA;;Liste;896;100
2024-11-19 07:35:26;Perugia;SPELLO;LISTA;;PROIETTI STEFANIA;1973;53,82
2024-11-19 07:35:26;Perugia;SPELLO;LISTA;;TESEI DONATELLA;1571;42,85
2024-11-19 07:35:26;Perugia;SPELLO;LISTA;;RIZZO MARCO;46;1,25
2024-11-19 07:35:26;Perugia;SPELLO;LISTA;;TRITTO GIUSEPPE;30;0,82
2024-11-19 07:35:26;Perugia;SPELLO;LISTA;;PAOLONE GIUSEPPE;15;0,41
2024-11-19 07:35:26;Perugia;SPELLO;LISTA;;LEONARDI MARTINA;14;0,38
2024-11-19 07:35:26;Perugia;SPELLO;LISTA;;FIORINI ELIA FRANCESCO;7;0,19
2024-11-19 07:35:26;Perugia;SPELLO;LISTA;;PASQUINELLI MORENO;6;0,16
2024-11-19 07:35:26;Perugia;SPELLO;LISTA;;PIGNALBERI FABRIZIO;4;0,11
2024-11-19 07:35:26;Perugia;SPELLO;LISTA;;Candidati presidente;3666;100
2024-11-19 07:35:26;Perugia;SPELLO;LISTA;;Liste;3254;100
2024-11-19 07:35:36;Perugia;SPOLETO;LISTA;;PROIETTI STEFANIA;8051;57,87
2024-11-19 07:35:36;Perugia;SPOLETO;LISTA;;TESEI DONATELLA;5486;39,43
2024-11-19 07:35:36;Perugia;SPOLETO;LISTA;;RIZZO MARCO;151;1,09
2024-11-19 07:35:36;Perugia;SPOLETO;LISTA;;LEONARDI MARTINA;73;0,52
2024-11-19 07:35:36;Perugia;SPOLETO;LISTA;;TRITTO GIUSEPPE;51;0,37
2024-11-19 07:35:36;Perugia;SPOLETO;LISTA;;PAOLONE GIUSEPPE;34;0,24
2024-11-19 07:35:36;Perugia;SPOLETO;LISTA;;PASQUINELLI MORENO;33;0,24
2024-11-19 07:35:36;Perugia;SPOLETO;LISTA;;FIORINI ELIA FRANCESCO;22;0,16
2024-11-19 07:35:36;Perugia;SPOLETO;LISTA;;PIGNALBERI FABRIZIO;11;0,08
2024-11-19 07:35:36;Perugia;SPOLETO;LISTA;;Candidati presidente;13912;100
2024-11-19 07:35:36;Perugia;SPOLETO;LISTA;;Liste;12747;100
2024-11-19 07:35:47;Perugia;TODI;LISTA;;TESEI DONATELLA;3423;50,07
2024-11-19 07:35:47;Perugia;TODI;LISTA;;PROIETTI STEFANIA;3275;47,91
2024-11-19 07:35:47;Perugia;TODI;LISTA;;RIZZO MARCO;61;0,89
2024-11-19 07:35:47;Perugia;TODI;LISTA;;TRITTO GIUSEPPE;21;0,31
2024-11-19 07:35:47;Perugia;TODI;LISTA;;LEONARDI MARTINA;20;0,29
2024-11-19 07:35:47;Perugia;TODI;LISTA;;PAOLONE GIUSEPPE;18;0,26
2024-11-19 07:35:47;Perugia;TODI;LISTA;;PASQUINELLI MORENO;8;0,12
2024-11-19 07:35:47;Perugia;TODI;LISTA;;PIGNALBERI FABRIZIO;6;0,09
2024-11-19 07:35:47;Perugia;TODI;LISTA;;FIORINI ELIA FRANCESCO;4;0,06
2024-11-19 07:35:47;Perugia;TODI;LISTA;;Candidati presidente;6836;100
2024-11-19 07:35:47;Perugia;TODI;LISTA;;Liste;6301;100
2024-11-19 07:35:57;Perugia;TORGIANO;LISTA;;TESEI DONATELLA;1634;53,09
2024-11-19 07:35:57;Perugia;TORGIANO;LISTA;;PROIETTI STEFANIA;1361;44,22
2024-11-19 07:35:57;Perugia;TORGIANO;LISTA;;RIZZO MARCO;39;1,27
2024-11-19 07:35:57;Perugia;TORGIANO;LISTA;;FIORINI ELIA FRANCESCO;14;0,45
2024-11-19 07:35:57;Perugia;TORGIANO;LISTA;;LEONARDI MARTINA;12;0,39
2024-11-19 07:35:57;Perugia;TORGIANO;LISTA;;PAOLONE GIUSEPPE;11;0,36
2024-11-19 07:35:57;Perugia;TORGIANO;LISTA;;PASQUINELLI MORENO;5;0,16
2024-11-19 07:35:57;Perugia;TORGIANO;LISTA;;TRITTO GIUSEPPE;2;0,06
2024-11-19 07:35:57;Perugia;TORGIANO;LISTA;;PIGNALBERI FABRIZIO;0;0
2024-11-19 07:35:57;Perugia;TORGIANO;LISTA;;Candidati presidente;3078;100
2024-11-19 07:35:57;Perugia;TORGIANO;LISTA;;Liste;2781;100
2024-11-19 07:36:07;Perugia;TREVI;LISTA;;TESEI DONATELLA;1606;51,24
2024-11-19 07:36:07;Perugia;TREVI;LISTA;;PROIETTI STEFANIA;1432;45,69
2024-11-19 07:36:07;Perugia;TREVI;LISTA;;RIZZO MARCO;46;1,47
2024-11-19 07:36:07;Perugia;TREVI;LISTA;;PASQUINELLI MORENO;24;0,77
2024-11-19 07:36:07;Perugia;TREVI;LISTA;;LEONARDI MARTINA;9;0,29
2024-11-19 07:36:07;Perugia;TREVI;LISTA;;TRITTO GIUSEPPE;9;0,29
2024-11-19 07:36:07;Perugia;TREVI;LISTA;;PAOLONE GIUSEPPE;4;0,13
2024-11-19 07:36:07;Perugia;TREVI;LISTA;;FIORINI ELIA FRANCESCO;3;0,10
2024-11-19 07:36:07;Perugia;TREVI;LISTA;;PIGNALBERI FABRIZIO;1;0,03
2024-11-19 07:36:07;Perugia;TREVI;LISTA;;Candidati presidente;3134;100
2024-11-19 07:36:07;Perugia;TREVI;LISTA;;Liste;2795;100
2024-11-19 07:36:18;Perugia;TUORO SUL TRASIMENO;LISTA;;PROIETTI STEFANIA;745;51,88
2024-11-19 07:36:18;Perugia;TUORO SUL TRASIMENO;LISTA;;TESEI DONATELLA;633;44,08
2024-11-19 07:36:18;Perugia;TUORO SUL TRASIMENO;LISTA;;RIZZO MARCO;41;2,86
2024-11-19 07:36:18;Perugia;TUORO SUL TRASIMENO;LISTA;;LEONARDI MARTINA;11;0,77
2024-11-19 07:36:18;Perugia;TUORO SUL TRASIMENO;LISTA;;PAOLONE GIUSEPPE;3;0,21
2024-11-19 07:36:18;Perugia;TUORO SUL TRASIMENO;LISTA;;FIORINI ELIA FRANCESCO;2;0,14
2024-11-19 07:36:18;Perugia;TUORO SUL TRASIMENO;LISTA;;TRITTO GIUSEPPE;1;0,07
2024-11-19 07:36:18;Perugia;TUORO SUL TRASIMENO;LISTA;;PASQUINELLI MORENO;0;0
2024-11-19 07:36:18;Perugia;TUORO SUL TRASIMENO;LISTA;;PIGNALBERI FABRIZIO;0;0
2024-11-19 07:36:18;Perugia;TUORO SUL TRASIMENO;LISTA;;Candidati presidente;1436;100
2024-11-19 07:36:18;Perugia;TUORO SUL TRASIMENO;LISTA;;Liste;1294;100
2024-11-19 07:36:28;Perugia;UMBERTIDE;LISTA;;PROIETTI STEFANIA;3762;53,45
2024-11-19 07:36:28;Perugia;UMBERTIDE;LISTA;;TESEI DONATELLA;3105;44,11
2024-11-19 07:36:28;Perugia;UMBERTIDE;LISTA;;RIZZO MARCO;90;1,28
2024-11-19 07:36:28;Perugia;UMBERTIDE;LISTA;;LEONARDI MARTINA;28;0,40
2024-11-19 07:36:28;Perugia;UMBERTIDE;LISTA;;PAOLONE GIUSEPPE;19;0,27
2024-11-19 07:36:28;Perugia;UMBERTIDE;LISTA;;PASQUINELLI MORENO;17;0,24
2024-11-19 07:36:28;Perugia;UMBERTIDE;LISTA;;FIORINI ELIA FRANCESCO;10;0,14
2024-11-19 07:36:28;Perugia;UMBERTIDE;LISTA;;TRITTO GIUSEPPE;7;0,10
2024-11-19 07:36:28;Perugia;UMBERTIDE;LISTA;;PIGNALBERI FABRIZIO;1;0,01
2024-11-19 07:36:28;Perugia;UMBERTIDE;LISTA;;Candidati presidente;7039;100
2024-11-19 07:36:28;Perugia;UMBERTIDE;LISTA;;Liste;6638;100
2024-11-19 07:36:38;Perugia;VALFABBRICA;LISTA;;TESEI DONATELLA;836;55,73
2024-11-19 07:36:38;Perugia;VALFABBRICA;LISTA;;PROIETTI STEFANIA;621;41,40
2024-11-19 07:36:38;Perugia;VALFABBRICA;LISTA;;RIZZO MARCO;17;1,13
2024-11-19 07:36:38;Perugia;VALFABBRICA;LISTA;;TRITTO GIUSEPPE;12;0,80
2024-11-19 07:36:38;Perugia;VALFABBRICA;LISTA;;LEONARDI MARTINA;7;0,47
2024-11-19 07:36:38;Perugia;VALFABBRICA;LISTA;;PAOLONE GIUSEPPE;4;0,27
2024-11-19 07:36:38;Perugia;VALFABBRICA;LISTA;;FIORINI ELIA FRANCESCO;1;0,07
2024-11-19 07:36:38;Perugia;VALFABBRICA;LISTA;;PASQUINELLI MORENO;1;0,07
2024-11-19 07:36:38;Perugia;VALFABBRICA;LISTA;;PIGNALBERI FABRIZIO;1;0,07
2024-11-19 07:36:38;Perugia;VALFABBRICA;LISTA;;Candidati presidente;1500;100
2024-11-19 07:36:38;Perugia;VALFABBRICA;LISTA;;Liste;1420;100
2024-11-19 07:36:48;Perugia;VALLO DI NERA;LISTA;;PROIETTI STEFANIA;86;53,09
2024-11-19 07:36:48;Perugia;VALLO DI NERA;LISTA;;TESEI DONATELLA;73;45,06
2024-11-19 07:36:48;Perugia;VALLO DI NERA;LISTA;;RIZZO MARCO;2;1,23
2024-11-19 07:36:48;Perugia;VALLO DI NERA;LISTA;;TRITTO GIUSEPPE;1;0,62
2024-11-19 07:36:48;Perugia;VALLO DI NERA;LISTA;;PAOLONE GIUSEPPE;0;0
2024-11-19 07:36:48;Perugia;VALLO DI NERA;LISTA;;LEONARDI MARTINA;0;0
2024-11-19 07:36:48;Perugia;VALLO DI NERA;LISTA;;FIORINI ELIA FRANCESCO;0;0
2024-11-19 07:36:48;Perugia;VALLO DI NERA;LISTA;;PASQUINELLI MORENO;0;0
2024-11-19 07:36:49;Perugia;VALLO DI NERA;LISTA;;PIGNALBERI FABRIZIO;0;0
2024-11-19 07:36:49;Perugia;VALLO DI NERA;LISTA;;Candidati presidente;162;100
2024-11-19 07:36:49;Perugia;VALLO DI NERA;LISTA;;Liste;146;100
2024-11-19 07:36:59;Perugia;VALTOPINA;LISTA;;PROIETTI STEFANIA;280;51,28
2024-11-19 07:36:59;Perugia;VALTOPINA;LISTA;;TESEI DONATELLA;255;46,70
2024-11-19 07:36:59;Perugia;VALTOPINA;LISTA;;RIZZO MARCO;7;1,28
2024-11-19 07:36:59;Perugia;VALTOPINA;LISTA;;LEONARDI MARTINA;2;0,37
2024-11-19 07:36:59;Perugia;VALTOPINA;LISTA;;FIORINI ELIA FRANCESCO;2;0,37
2024-11-19 07:36:59;Perugia;VALTOPINA;LISTA;;PAOLONE GIUSEPPE;0;0
2024-11-19 07:36:59;Perugia;VALTOPINA;LISTA;;TRITTO GIUSEPPE;0;0
2024-11-19 07:36:59;Perugia;VALTOPINA;LISTA;;PASQUINELLI MORENO;0;0
2024-11-19 07:36:59;Perugia;VALTOPINA;LISTA;;PIGNALBERI FABRIZIO;0;0
2024-11-19 07:36:59;Perugia;VALTOPINA;LISTA;;Candidati presidente;546;100
2024-11-19 07:36:59;Perugia;VALTOPINA;LISTA;;Liste;501;100
2024-11-19 07:37:09;Terni;ACQUASPARTA;LISTA;;PROIETTI STEFANIA;948;51,89
2024-11-19 07:37:09;Terni;ACQUASPARTA;LISTA;;TESEI DONATELLA;849;46,47
2024-11-19 07:37:09;Terni;ACQUASPARTA;LISTA;;RIZZO MARCO;12;0,66
2024-11-19 07:37:09;Terni;ACQUASPARTA;LISTA;;TRITTO GIUSEPPE;8;0,44
2024-11-19 07:37:09;Terni;ACQUASPARTA;LISTA;;LEONARDI MARTINA;7;0,38
2024-11-19 07:37:09;Terni;ACQUASPARTA;LISTA;;PAOLONE GIUSEPPE;1;0,05
2024-11-19 07:37:09;Terni;ACQUASPARTA;LISTA;;FIORINI ELIA FRANCESCO;1;0,05
2024-11-19 07:37:09;Terni;ACQUASPARTA;LISTA;;PASQUINELLI MORENO;1;0,05
2024-11-19 07:37:09;Terni;ACQUASPARTA;LISTA;;PIGNALBERI FABRIZIO;0;0
2024-11-19 07:37:09;Terni;ACQUASPARTA;LISTA;;Candidati presidente;1827;100
2024-11-19 07:37:09;Terni;ACQUASPARTA;LISTA;;Liste;1716;100
2024-11-19 07:37:19;Terni;ALLERONA;LISTA;;PROIETTI STEFANIA;462;66,28
2024-11-19 07:37:19;Terni;ALLERONA;LISTA;;TESEI DONATELLA;214;30,70
2024-11-19 07:37:19;Terni;ALLERONA;LISTA;;LEONARDI MARTINA;8;1,15
2024-11-19 07:37:19;Terni;ALLERONA;LISTA;;RIZZO MARCO;6;0,86
2024-11-19 07:37:19;Terni;ALLERONA;LISTA;;PASQUINELLI MORENO;4;0,57
2024-11-19 07:37:19;Terni;ALLERONA;LISTA;;TRITTO GIUSEPPE;2;0,29
2024-11-19 07:37:19;Terni;ALLERONA;LISTA;;PIGNALBERI FABRIZIO;1;0,14
2024-11-19 07:37:19;Terni;ALLERONA;LISTA;;PAOLONE GIUSEPPE;0;0
2024-11-19 07:37:19;Terni;ALLERONA;LISTA;;FIORINI ELIA FRANCESCO;0;0
2024-11-19 07:37:19;Terni;ALLERONA;LISTA;;Candidati presidente;697;100
2024-11-19 07:37:19;Terni;ALLERONA;LISTA;;Liste;652;100
2024-11-19 07:37:30;Terni;ALVIANO;LISTA;;TESEI DONATELLA;343;57,84
2024-11-19 07:37:30;Terni;ALVIANO;LISTA;;PROIETTI STEFANIA;230;38,79
2024-11-19 07:37:30;Terni;ALVIANO;LISTA;;PASQUINELLI MORENO;6;1,01
2024-11-19 07:37:30;Terni;ALVIANO;LISTA;;TRITTO GIUSEPPE;5;0,84
2024-11-19 07:37:30;Terni;ALVIANO;LISTA;;LEONARDI MARTINA;4;0,67
2024-11-19 07:37:30;Terni;ALVIANO;LISTA;;RIZZO MARCO;3;0,51
2024-11-19 07:37:30;Terni;ALVIANO;LISTA;;FIORINI ELIA FRANCESCO;1;0,17
2024-11-19 07:37:30;Terni;ALVIANO;LISTA;;PIGNALBERI FABRIZIO;1;0,17
2024-11-19 07:37:30;Terni;ALVIANO;LISTA;;PAOLONE GIUSEPPE;0;0
2024-11-19 07:37:30;Terni;ALVIANO;LISTA;;Candidati presidente;593;100
2024-11-19 07:37:30;Terni;ALVIANO;LISTA;;Liste;544;100
2024-11-19 07:37:40;Terni;AMELIA;LISTA;;TESEI DONATELLA;2675;50,78
2024-11-19 07:37:40;Terni;AMELIA;LISTA;;PROIETTI STEFANIA;2417;45,88
2024-11-19 07:37:40;Terni;AMELIA;LISTA;;RIZZO MARCO;56;1,06
2024-11-19 07:37:40;Terni;AMELIA;LISTA;;PASQUINELLI MORENO;43;0,82
2024-11-19 07:37:40;Terni;AMELIA;LISTA;;LEONARDI MARTINA;38;0,72
2024-11-19 07:37:40;Terni;AMELIA;LISTA;;PAOLONE GIUSEPPE;13;0,25
2024-11-19 07:37:40;Terni;AMELIA;LISTA;;FIORINI ELIA FRANCESCO;9;0,17
2024-11-19 07:37:40;Terni;AMELIA;LISTA;;TRITTO GIUSEPPE;9;0,17
2024-11-19 07:37:41;Terni;AMELIA;LISTA;;PIGNALBERI FABRIZIO;8;0,15
2024-11-19 07:37:41;Terni;AMELIA;LISTA;;Candidati presidente;5268;100
2024-11-19 07:37:41;Terni;AMELIA;LISTA;;Liste;5007;100
2024-11-19 07:37:51;Terni;ARRONE;LISTA;;PROIETTI STEFANIA;509;48,62
2024-11-19 07:37:51;Terni;ARRONE;LISTA;;TESEI DONATELLA;506;48,33
2024-11-19 07:37:51;Terni;ARRONE;LISTA;;LEONARDI MARTINA;16;1,53
2024-11-19 07:37:51;Terni;ARRONE;LISTA;;RIZZO MARCO;6;0,57
2024-11-19 07:37:51;Terni;ARRONE;LISTA;;PAOLONE GIUSEPPE;3;0,29
2024-11-19 07:37:51;Terni;ARRONE;LISTA;;PASQUINELLI MORENO;3;0,29
2024-11-19 07:37:51;Terni;ARRONE;LISTA;;TRITTO GIUSEPPE;2;0,19
2024-11-19 07:37:51;Terni;ARRONE;LISTA;;FIORINI ELIA FRANCESCO;1;0,10
2024-11-19 07:37:51;Terni;ARRONE;LISTA;;PIGNALBERI FABRIZIO;1;0,10
2024-11-19 07:37:51;Terni;ARRONE;LISTA;;Candidati presidente;1047;100
2024-11-19 07:37:51;Terni;ARRONE;LISTA;;Liste;978;100
2024-11-19 07:38:01;Terni;ATTIGLIANO;LISTA;;TESEI DONATELLA;531;64,05
2024-11-19 07:38:01;Terni;ATTIGLIANO;LISTA;;PROIETTI STEFANIA;271;32,69
2024-11-19 07:38:01;Terni;ATTIGLIANO;LISTA;;RIZZO MARCO;11;1,33
2024-11-19 07:38:01;Terni;ATTIGLIANO;LISTA;;LEONARDI MARTINA;6;0,72
2024-11-19 07:38:01;Terni;ATTIGLIANO;LISTA;;PASQUINELLI MORENO;5;0,60
2024-11-19 07:38:01;Terni;ATTIGLIANO;LISTA;;PAOLONE GIUSEPPE;3;0,36
2024-11-19 07:38:01;Terni;ATTIGLIANO;LISTA;;FIORINI ELIA FRANCESCO;1;0,12
2024-11-19 07:38:01;Terni;ATTIGLIANO;LISTA;;TRITTO GIUSEPPE;1;0,12
2024-11-19 07:38:01;Terni;ATTIGLIANO;LISTA;;PIGNALBERI FABRIZIO;0;0
2024-11-19 07:38:01;Terni;ATTIGLIANO;LISTA;;Candidati presidente;829;100
2024-11-19 07:38:01;Terni;ATTIGLIANO;LISTA;;Liste;794;100
2024-11-19 07:38:11;Terni;AVIGLIANO UMBRO;LISTA;;TESEI DONATELLA;560;49,25
2024-11-19 07:38:11;Terni;AVIGLIANO UMBRO;LISTA;;PROIETTI STEFANIA;551;48,46
2024-11-19 07:38:11;Terni;AVIGLIANO UMBRO;LISTA;;LEONARDI MARTINA;9;0,79
2024-11-19 07:38:11;Terni;AVIGLIANO UMBRO;LISTA;;RIZZO MARCO;8;0,70
2024-11-19 07:38:11;Terni;AVIGLIANO UMBRO;LISTA;;PAOLONE GIUSEPPE;6;0,53
2024-11-19 07:38:11;Terni;AVIGLIANO UMBRO;LISTA;;TRITTO GIUSEPPE;2;0,18
2024-11-19 07:38:11;Terni;AVIGLIANO UMBRO;LISTA;;PASQUINELLI MORENO;1;0,09
2024-11-19 07:38:11;Terni;AVIGLIANO UMBRO;LISTA;;FIORINI ELIA FRANCESCO;0;0
2024-11-19 07:38:11;Terni;AVIGLIANO UMBRO;LISTA;;PIGNALBERI FABRIZIO;0;0
2024-11-19 07:38:11;Terni;AVIGLIANO UMBRO;LISTA;;Candidati presidente;1137;100
2024-11-19 07:38:11;Terni;AVIGLIANO UMBRO;LISTA;;Liste;1069;100
2024-11-19 07:38:22;Terni;BASCHI;LISTA;;PROIETTI STEFANIA;604;53,36
2024-11-19 07:38:22;Terni;BASCHI;LISTA;;TESEI DONATELLA;503;44,43
2024-11-19 07:38:22;Terni;BASCHI;LISTA;;RIZZO MARCO;12;1,06
2024-11-19 07:38:22;Terni;BASCHI;LISTA;;PASQUINELLI MORENO;5;0,44
2024-11-19 07:38:22;Terni;BASCHI;LISTA;;LEONARDI MARTINA;4;0,35
2024-11-19 07:38:22;Terni;BASCHI;LISTA;;PAOLONE GIUSEPPE;2;0,18
2024-11-19 07:38:22;Terni;BASCHI;LISTA;;FIORINI ELIA FRANCESCO;1;0,09
2024-11-19 07:38:22;Terni;BASCHI;LISTA;;PIGNALBERI FABRIZIO;1;0,09
2024-11-19 07:38:22;Terni;BASCHI;LISTA;;TRITTO GIUSEPPE;0;0
2024-11-19 07:38:22;Terni;BASCHI;LISTA;;Candidati presidente;1132;100
2024-11-19 07:38:22;Terni;BASCHI;LISTA;;Liste;1049;100
2024-11-19 07:38:32;Terni;CALVI DELL'UMBRIA;LISTA;;TESEI DONATELLA;363;60,91
2024-11-19 07:38:32;Terni;CALVI DELL'UMBRIA;LISTA;;PROIETTI STEFANIA;221;37,08
2024-11-19 07:38:32;Terni;CALVI DELL'UMBRIA;LISTA;;RIZZO MARCO;4;0,67
2024-11-19 07:38:32;Terni;CALVI DELL'UMBRIA;LISTA;;PAOLONE GIUSEPPE;3;0,50
2024-11-19 07:38:32;Terni;CALVI DELL'UMBRIA;LISTA;;PASQUINELLI MORENO;2;0,34
2024-11-19 07:38:32;Terni;CALVI DELL'UMBRIA;LISTA;;LEONARDI MARTINA;1;0,17
2024-11-19 07:38:32;Terni;CALVI DELL'UMBRIA;LISTA;;TRITTO GIUSEPPE;1;0,17
2024-11-19 07:38:32;Terni;CALVI DELL'UMBRIA;LISTA;;PIGNALBERI FABRIZIO;1;0,17
2024-11-19 07:38:32;Terni;CALVI DELL'UMBRIA;LISTA;;FIORINI ELIA FRANCESCO;0;0
2024-11-19 07:38:32;Terni;CALVI DELL'UMBRIA;LISTA;;Candidati presidente;596;100
2024-11-19 07:38:32;Terni;CALVI DELL'UMBRIA;LISTA;;Liste;552;100
2024-11-19 07:38:42;Terni;CASTEL GIORGIO;LISTA;;TESEI DONATELLA;490;54,75
2024-11-19 07:38:42;Terni;CASTEL GIORGIO;LISTA;;PROIETTI STEFANIA;386;43,13
2024-11-19 07:38:42;Terni;CASTEL GIORGIO;LISTA;;RIZZO MARCO;7;0,78
2024-11-19 07:38:42;Terni;CASTEL GIORGIO;LISTA;;LEONARDI MARTINA;4;0,45
2024-11-19 07:38:42;Terni;CASTEL GIORGIO;LISTA;;PAOLONE GIUSEPPE;2;0,22
2024-11-19 07:38:42;Terni;CASTEL GIORGIO;LISTA;;FIORINI ELIA FRANCESCO;2;0,22
2024-11-19 07:38:42;Terni;CASTEL GIORGIO;LISTA;;TRITTO GIUSEPPE;2;0,22
2024-11-19 07:38:42;Terni;CASTEL GIORGIO;LISTA;;PIGNALBERI FABRIZIO;2;0,22
2024-11-19 07:38:42;Terni;CASTEL GIORGIO;LISTA;;PASQUINELLI MORENO;0;0
2024-11-19 07:38:42;Terni;CASTEL GIORGIO;LISTA;;Candidati presidente;895;100
2024-11-19 07:38:42;Terni;CASTEL GIORGIO;LISTA;;Liste;849;100
2024-11-19 07:38:52;Terni;CASTEL VISCARDO;LISTA;;TESEI DONATELLA;623;51,36
2024-11-19 07:38:52;Terni;CASTEL VISCARDO;LISTA;;PROIETTI STEFANIA;574;47,32
2024-11-19 07:38:52;Terni;CASTEL VISCARDO;LISTA;;RIZZO MARCO;6;0,49
2024-11-19 07:38:52;Terni;CASTEL VISCARDO;LISTA;;TRITTO GIUSEPPE;3;0,25
2024-11-19 07:38:52;Terni;CASTEL VISCARDO;LISTA;;PAOLONE GIUSEPPE;2;0,16
2024-11-19 07:38:52;Terni;CASTEL VISCARDO;LISTA;;LEONARDI MARTINA;2;0,16
2024-11-19 07:38:52;Terni;CASTEL VISCARDO;LISTA;;PIGNALBERI FABRIZIO;2;0,16
2024-11-19 07:38:52;Terni;CASTEL VISCARDO;LISTA;;PASQUINELLI MORENO;1;0,08
2024-11-19 07:38:52;Terni;CASTEL VISCARDO;LISTA;;FIORINI ELIA FRANCESCO;0;0
2024-11-19 07:38:52;Terni;CASTEL VISCARDO;LISTA;;Candidati presidente;1213;100
2024-11-19 07:38:52;Terni;CASTEL VISCARDO;LISTA;;Liste;1157;100
2024-11-19 07:39:03;Terni;FABRO;LISTA;;PROIETTI STEFANIA;477;48,33
2024-11-19 07:39:03;Terni;FABRO;LISTA;;TESEI DONATELLA;459;46,50
2024-11-19 07:39:03;Terni;FABRO;LISTA;;RIZZO MARCO;25;2,53
2024-11-19 07:39:03;Terni;FABRO;LISTA;;PASQUINELLI MORENO;10;1,01
2024-11-19 07:39:03;Terni;FABRO;LISTA;;LEONARDI MARTINA;9;0,91
2024-11-19 07:39:03;Terni;FABRO;LISTA;;FIORINI ELIA FRANCESCO;3;0,30
2024-11-19 07:39:03;Terni;FABRO;LISTA;;PIGNALBERI FABRIZIO;2;0,20
2024-11-19 07:39:03;Terni;FABRO;LISTA;;PAOLONE GIUSEPPE;1;0,10
2024-11-19 07:39:03;Terni;FABRO;LISTA;;TRITTO GIUSEPPE;1;0,10
2024-11-19 07:39:03;Terni;FABRO;LISTA;;Candidati presidente;987;100
2024-11-19 07:39:03;Terni;FABRO;LISTA;;Liste;894;100
2024-11-19 07:39:13;Terni;FERENTILLO;LISTA;;TESEI DONATELLA;459;60,96
2024-11-19 07:39:13;Terni;FERENTILLO;LISTA;;PROIETTI STEFANIA;267;35,46
2024-11-19 07:39:13;Terni;FERENTILLO;LISTA;;LEONARDI MARTINA;11;1,46
2024-11-19 07:39:13;Terni;FERENTILLO;LISTA;;RIZZO MARCO;10;1,33
2024-11-19 07:39:13;Terni;FERENTILLO;LISTA;;PASQUINELLI MORENO;4;0,53
2024-11-19 07:39:13;Terni;FERENTILLO;LISTA;;PAOLONE GIUSEPPE;2;0,27
2024-11-19 07:39:13;Terni;FERENTILLO;LISTA;;FIORINI ELIA FRANCESCO;0;0
2024-11-19 07:39:13;Terni;FERENTILLO;LISTA;;TRITTO GIUSEPPE;0;0
2024-11-19 07:39:13;Terni;FERENTILLO;LISTA;;PIGNALBERI FABRIZIO;0;0
2024-11-19 07:39:13;Terni;FERENTILLO;LISTA;;Candidati presidente;753;100
2024-11-19 07:39:13;Terni;FERENTILLO;LISTA;;Liste;703;100
2024-11-19 07:39:23;Terni;FICULLE;LISTA;;PROIETTI STEFANIA;289;50,00
2024-11-19 07:39:23;Terni;FICULLE;LISTA;;TESEI DONATELLA;263;45,50
2024-11-19 07:39:23;Terni;FICULLE;LISTA;;RIZZO MARCO;13;2,25
2024-11-19 07:39:23;Terni;FICULLE;LISTA;;LEONARDI MARTINA;8;1,38
2024-11-19 07:39:23;Terni;FICULLE;LISTA;;PASQUINELLI MORENO;3;0,52
2024-11-19 07:39:23;Terni;FICULLE;LISTA;;PAOLONE GIUSEPPE;1;0,17
2024-11-19 07:39:23;Terni;FICULLE;LISTA;;FIORINI ELIA FRANCESCO;1;0,17
2024-11-19 07:39:23;Terni;FICULLE;LISTA;;TRITTO GIUSEPPE;0;0
2024-11-19 07:39:23;Terni;FICULLE;LISTA;;PIGNALBERI FABRIZIO;0;0
2024-11-19 07:39:23;Terni;FICULLE;LISTA;;Candidati presidente;578;100
2024-11-19 07:39:23;Terni;FICULLE;LISTA;;Liste;506;100
2024-11-19 07:39:34;Terni;GIOVE;LISTA;;TESEI DONATELLA;438;51,47
2024-11-19 07:39:34;Terni;GIOVE;LISTA;;PROIETTI STEFANIA;319;37,49
2024-11-19 07:39:34;Terni;GIOVE;LISTA;;PASQUINELLI MORENO;70;8,23
2024-11-19 07:39:34;Terni;GIOVE;LISTA;;LEONARDI MARTINA;15;1,76
2024-11-19 07:39:34;Terni;GIOVE;LISTA;;RIZZO MARCO;7;0,82
2024-11-19 07:39:34;Terni;GIOVE;LISTA;;FIORINI ELIA FRANCESCO;1;0,12
2024-11-19 07:39:34;Terni;GIOVE;LISTA;;TRITTO GIUSEPPE;1;0,12
2024-11-19 07:39:34;Terni;GIOVE;LISTA;;PAOLONE GIUSEPPE;0;0
2024-11-19 07:39:34;Terni;GIOVE;LISTA;;PIGNALBERI FABRIZIO;0;0
2024-11-19 07:39:34;Terni;GIOVE;LISTA;;Candidati presidente;851;100
2024-11-19 07:39:34;Terni;GIOVE;LISTA;;Liste;817;100
2024-11-19 07:39:44;Terni;GUARDEA;LISTA;;TESEI DONATELLA;420;54,47
2024-11-19 07:39:44;Terni;GUARDEA;LISTA;;PROIETTI STEFANIA;307;39,82
2024-11-19 07:39:44;Terni;GUARDEA;LISTA;;PASQUINELLI MORENO;20;2,59
2024-11-19 07:39:44;Terni;GUARDEA;LISTA;;RIZZO MARCO;15;1,95
2024-11-19 07:39:44;Terni;GUARDEA;LISTA;;LEONARDI MARTINA;3;0,39
2024-11-19 07:39:44;Terni;GUARDEA;LISTA;;PAOLONE GIUSEPPE;2;0,26
2024-11-19 07:39:44;Terni;GUARDEA;LISTA;;TRITTO GIUSEPPE;2;0,26
2024-11-19 07:39:44;Terni;GUARDEA;LISTA;;PIGNALBERI FABRIZIO;2;0,26
2024-11-19 07:39:44;Terni;GUARDEA;LISTA;;FIORINI ELIA FRANCESCO;0;0
2024-11-19 07:39:44;Terni;GUARDEA;LISTA;;Candidati presidente;771;100
2024-11-19 07:39:44;Terni;GUARDEA;LISTA;;Liste;715;100
2024-11-19 07:39:54;Terni;LUGNANO IN TEVERINA;LISTA;;TESEI DONATELLA;418;61,29
2024-11-19 07:39:54;Terni;LUGNANO IN TEVERINA;LISTA;;PROIETTI STEFANIA;244;35,78
2024-11-19 07:39:54;Terni;LUGNANO IN TEVERINA;LISTA;;RIZZO MARCO;8;1,17
2024-11-19 07:39:54;Terni;LUGNANO IN TEVERINA;LISTA;;LEONARDI MARTINA;3;0,44
2024-11-19 07:39:54;Terni;LUGNANO IN TEVERINA;LISTA;;FIORINI ELIA FRANCESCO;2;0,29
2024-11-19 07:39:54;Terni;LUGNANO IN TEVERINA;LISTA;;TRITTO GIUSEPPE;2;0,29
2024-11-19 07:39:54;Terni;LUGNANO IN TEVERINA;LISTA;;PASQUINELLI MORENO;2;0,29
2024-11-19 07:39:54;Terni;LUGNANO IN TEVERINA;LISTA;;PIGNALBERI FABRIZIO;2;0,29
2024-11-19 07:39:54;Terni;LUGNANO IN TEVERINA;LISTA;;PAOLONE GIUSEPPE;1;0,15
2024-11-19 07:39:54;Terni;LUGNANO IN TEVERINA;LISTA;;Candidati presidente;682;100
2024-11-19 07:39:54;Terni;LUGNANO IN TEVERINA;LISTA;;Liste;662;100
2024-11-19 07:40:04;Terni;MONTECASTRILLI;LISTA;;TESEI DONATELLA;1358;58,86
2024-11-19 07:40:04;Terni;MONTECASTRILLI;LISTA;;PROIETTI STEFANIA;897;38,88
2024-11-19 07:40:04;Terni;MONTECASTRILLI;LISTA;;RIZZO MARCO;12;0,52
2024-11-19 07:40:04;Terni;MONTECASTRILLI;LISTA;;LEONARDI MARTINA;12;0,52
2024-11-19 07:40:04;Terni;MONTECASTRILLI;LISTA;;PAOLONE GIUSEPPE;9;0,39
2024-11-19 07:40:04;Terni;MONTECASTRILLI;LISTA;;PASQUINELLI MORENO;8;0,35
2024-11-19 07:40:04;Terni;MONTECASTRILLI;LISTA;;FIORINI ELIA FRANCESCO;4;0,17
2024-11-19 07:40:04;Terni;MONTECASTRILLI;LISTA;;TRITTO GIUSEPPE;4;0,17
2024-11-19 07:40:04;Terni;MONTECASTRILLI;LISTA;;PIGNALBERI FABRIZIO;3;0,13
2024-11-19 07:40:04;Terni;MONTECASTRILLI;LISTA;;Candidati presidente;2307;100
2024-11-19 07:40:04;Terni;MONTECASTRILLI;LISTA;;Liste;2189;100
2024-11-19 07:40:15;Terni;MONTECCHIO;LISTA;;TESEI DONATELLA;338;54,08
2024-11-19 07:40:15;Terni;MONTECCHIO;LISTA;;PROIETTI STEFANIA;271;43,36
2024-11-19 07:40:15;Terni;MONTECCHIO;LISTA;;RIZZO MARCO;6;0,96
2024-11-19 07:40:15;Terni;MONTECCHIO;LISTA;;LEONARDI MARTINA;4;0,64
2024-11-19 07:40:15;Terni;MONTECCHIO;LISTA;;PASQUINELLI MORENO;3;0,48
2024-11-19 07:40:15;Terni;MONTECCHIO;LISTA;;PAOLONE GIUSEPPE;1;0,16
2024-11-19 07:40:15;Terni;MONTECCHIO;LISTA;;FIORINI ELIA FRANCESCO;1;0,16
2024-11-19 07:40:15;Terni;MONTECCHIO;LISTA;;PIGNALBERI FABRIZIO;1;0,16
2024-11-19 07:40:15;Terni;MONTECCHIO;LISTA;;TRITTO GIUSEPPE;0;0
2024-11-19 07:40:15;Terni;MONTECCHIO;LISTA;;Candidati presidente;625;100
2024-11-19 07:40:15;Terni;MONTECCHIO;LISTA;;Liste;556;100
2024-11-19 07:40:25;Terni;MONTEFRANCO;LISTA;;TESEI DONATELLA;338;65,63
2024-11-19 07:40:25;Terni;MONTEFRANCO;LISTA;;PROIETTI STEFANIA;163;31,65
2024-11-19 07:40:25;Terni;MONTEFRANCO;LISTA;;RIZZO MARCO;6;1,17
2024-11-19 07:40:25;Terni;MONTEFRANCO;LISTA;;LEONARDI MARTINA;5;0,97
2024-11-19 07:40:25;Terni;MONTEFRANCO;LISTA;;PASQUINELLI MORENO;2;0,39
2024-11-19 07:40:25;Terni;MONTEFRANCO;LISTA;;PIGNALBERI FABRIZIO;1;0,19
2024-11-19 07:40:25;Terni;MONTEFRANCO;LISTA;;PAOLONE GIUSEPPE;0;0
2024-11-19 07:40:25;Terni;MONTEFRANCO;LISTA;;FIORINI ELIA FRANCESCO;0;0
2024-11-19 07:40:25;Terni;MONTEFRANCO;LISTA;;TRITTO GIUSEPPE;0;0
2024-11-19 07:40:25;Terni;MONTEFRANCO;LISTA;;Candidati presidente;515;100
2024-11-19 07:40:25;Terni;MONTEFRANCO;LISTA;;Liste;485;100
2024-11-19 07:40:35;Terni;MONTEGABBIONE;LISTA;;PROIETTI STEFANIA;217;53,85
2024-11-19 07:40:35;Terni;MONTEGABBIONE;LISTA;;TESEI DONATELLA;151;37,47
2024-11-19 07:40:35;Terni;MONTEGABBIONE;LISTA;;PASQUINELLI MORENO;26;6,45
2024-11-19 07:40:35;Terni;MONTEGABBIONE;LISTA;;RIZZO MARCO;3;0,74
2024-11-19 07:40:35;Terni;MONTEGABBIONE;LISTA;;FIORINI ELIA FRANCESCO;3;0,74
2024-11-19 07:40:35;Terni;MONTEGABBIONE;LISTA;;LEONARDI MARTINA;2;0,50
2024-11-19 07:40:35;Terni;MONTEGABBIONE;LISTA;;PIGNALBERI FABRIZIO;1;0,25
2024-11-19 07:40:35;Terni;MONTEGABBIONE;LISTA;;PAOLONE GIUSEPPE;0;0
2024-11-19 07:40:35;Terni;MONTEGABBIONE;LISTA;;TRITTO GIUSEPPE;0;0
2024-11-19 07:40:35;Terni;MONTEGABBIONE;LISTA;;Candidati presidente;403;100
2024-11-19 07:40:35;Terni;MONTEGABBIONE;LISTA;;Liste;369;100
2024-11-19 07:40:45;Terni;MONTELEONE D'ORVIETO;LISTA;;PROIETTI STEFANIA;274;50,09
2024-11-19 07:40:46;Terni;MONTELEONE D'ORVIETO;LISTA;;TESEI DONATELLA;256;46,80
2024-11-19 07:40:46;Terni;MONTELEONE D'ORVIETO;LISTA;;RIZZO MARCO;10;1,83
2024-11-19 07:40:46;Terni;MONTELEONE D'ORVIETO;LISTA;;LEONARDI MARTINA;3;0,55
2024-11-19 07:40:46;Terni;MONTELEONE D'ORVIETO;LISTA;;PASQUINELLI MORENO;3;0,55
2024-11-19 07:40:46;Terni;MONTELEONE D'ORVIETO;LISTA;;PIGNALBERI FABRIZIO;1;0,18
2024-11-19 07:40:46;Terni;MONTELEONE D'ORVIETO;LISTA;;PAOLONE GIUSEPPE;0;0
2024-11-19 07:40:46;Terni;MONTELEONE D'ORVIETO;LISTA;;FIORINI ELIA FRANCESCO;0;0
2024-11-19 07:40:46;Terni;MONTELEONE D'ORVIETO;LISTA;;TRITTO GIUSEPPE;0;0
2024-11-19 07:40:46;Terni;MONTELEONE D'ORVIETO;LISTA;;Candidati presidente;547;100
2024-11-19 07:40:46;Terni;MONTELEONE D'ORVIETO;LISTA;;Liste;501;100
2024-11-19 07:40:56;Terni;NARNI;LISTA;;PROIETTI STEFANIA;4336;55,78
2024-11-19 07:40:56;Terni;NARNI;LISTA;;TESEI DONATELLA;3231;41,57
2024-11-19 07:40:56;Terni;NARNI;LISTA;;RIZZO MARCO;75;0,96
2024-11-19 07:40:56;Terni;NARNI;LISTA;;LEONARDI MARTINA;53;0,68
2024-11-19 07:40:56;Terni;NARNI;LISTA;;PASQUINELLI MORENO;34;0,44
2024-11-19 07:40:56;Terni;NARNI;LISTA;;PAOLONE GIUSEPPE;19;0,24
2024-11-19 07:40:56;Terni;NARNI;LISTA;;FIORINI ELIA FRANCESCO;15;0,19
2024-11-19 07:40:56;Terni;NARNI;LISTA;;TRITTO GIUSEPPE;10;0,13
2024-11-19 07:40:56;Terni;NARNI;LISTA;;PIGNALBERI FABRIZIO;0;0
2024-11-19 07:40:56;Terni;NARNI;LISTA;;Candidati presidente;7773;100
2024-11-19 07:40:56;Terni;NARNI;LISTA;;Liste;7424;100
2024-11-19 07:41:06;Terni;ORVIETO;LISTA;;PROIETTI STEFANIA;4229;53,07
2024-11-19 07:41:06;Terni;ORVIETO;LISTA;;TESEI DONATELLA;3552;44,58
2024-11-19 07:41:06;Terni;ORVIETO;LISTA;;LEONARDI MARTINA;62;0,78
2024-11-19 07:41:06;Terni;ORVIETO;LISTA;;RIZZO MARCO;50;0,63
2024-11-19 07:41:06;Terni;ORVIETO;LISTA;;PASQUINELLI MORENO;31;0,39
2024-11-19 07:41:06;Terni;ORVIETO;LISTA;;FIORINI ELIA FRANCESCO;14;0,18
2024-11-19 07:41:06;Terni;ORVIETO;LISTA;;PAOLONE GIUSEPPE;12;0,15
2024-11-19 07:41:06;Terni;ORVIETO;LISTA;;TRITTO GIUSEPPE;12;0,15
2024-11-19 07:41:06;Terni;ORVIETO;LISTA;;PIGNALBERI FABRIZIO;6;0,08
2024-11-19 07:41:06;Terni;ORVIETO;LISTA;;Candidati presidente;7968;100
2024-11-19 07:41:06;Terni;ORVIETO;LISTA;;Liste;7249;100
2024-11-19 07:41:16;Terni;OTRICOLI;LISTA;;TESEI DONATELLA;487;64,59
2024-11-19 07:41:16;Terni;OTRICOLI;LISTA;;PROIETTI STEFANIA;255;33,82
2024-11-19 07:41:16;Terni;OTRICOLI;LISTA;;RIZZO MARCO;5;0,66
2024-11-19 07:41:16;Terni;OTRICOLI;LISTA;;PAOLONE GIUSEPPE;3;0,40
2024-11-19 07:41:16;Terni;OTRICOLI;LISTA;;LEONARDI MARTINA;2;0,27
2024-11-19 07:41:16;Terni;OTRICOLI;LISTA;;PASQUINELLI MORENO;1;0,13
2024-11-19 07:41:16;Terni;OTRICOLI;LISTA;;PIGNALBERI FABRIZIO;1;0,13
2024-11-19 07:41:16;Terni;OTRICOLI;LISTA;;FIORINI ELIA FRANCESCO;0;0
2024-11-19 07:41:16;Terni;OTRICOLI;LISTA;;TRITTO GIUSEPPE;0;0
2024-11-19 07:41:16;Terni;OTRICOLI;LISTA;;Candidati presidente;754;100
2024-11-19 07:41:16;Terni;OTRICOLI;LISTA;;Liste;718;100
2024-11-19 07:41:27;Terni;PARRANO;LISTA;;PROIETTI STEFANIA;156;63,41
2024-11-19 07:41:27;Terni;PARRANO;LISTA;;TESEI DONATELLA;82;33,33
2024-11-19 07:41:27;Terni;PARRANO;LISTA;;PASQUINELLI MORENO;3;1,22
2024-11-19 07:41:27;Terni;PARRANO;LISTA;;LEONARDI MARTINA;2;0,81
2024-11-19 07:41:27;Terni;PARRANO;LISTA;;FIORINI ELIA FRANCESCO;2;0,81
2024-11-19 07:41:27;Terni;PARRANO;LISTA;;RIZZO MARCO;1;0,41
2024-11-19 07:41:27;Terni;PARRANO;LISTA;;PAOLONE GIUSEPPE;0;0
2024-11-19 07:41:27;Terni;PARRANO;LISTA;;TRITTO GIUSEPPE;0;0
2024-11-19 07:41:27;Terni;PARRANO;LISTA;;PIGNALBERI FABRIZIO;0;0
2024-11-19 07:41:27;Terni;PARRANO;LISTA;;Candidati presidente;246;100
2024-11-19 07:41:27;Terni;PARRANO;LISTA;;Liste;229;100
2024-11-19 07:41:37;Terni;PENNA IN TEVERINA;LISTA;;TESEI DONATELLA;275;55,11
2024-11-19 07:41:37;Terni;PENNA IN TEVERINA;LISTA;;PROIETTI STEFANIA;211;42,28
2024-11-19 07:41:37;Terni;PENNA IN TEVERINA;LISTA;;RIZZO MARCO;6;1,20
2024-11-19 07:41:37;Terni;PENNA IN TEVERINA;LISTA;;LEONARDI MARTINA;3;0,60
2024-11-19 07:41:37;Terni;PENNA IN TEVERINA;LISTA;;TRITTO GIUSEPPE;2;0,40
2024-11-19 07:41:37;Terni;PENNA IN TEVERINA;LISTA;;FIORINI ELIA FRANCESCO;1;0,20
2024-11-19 07:41:37;Terni;PENNA IN TEVERINA;LISTA;;PASQUINELLI MORENO;1;0,20
2024-11-19 07:41:37;Terni;PENNA IN TEVERINA;LISTA;;PAOLONE GIUSEPPE;0;0
2024-11-19 07:41:37;Terni;PENNA IN TEVERINA;LISTA;;PIGNALBERI FABRIZIO;0;0
2024-11-19 07:41:37;Terni;PENNA IN TEVERINA;LISTA;;Candidati presidente;499;100
2024-11-19 07:41:37;Terni;PENNA IN TEVERINA;LISTA;;Liste;465;100
2024-11-19 07:41:47;Terni;POLINO;LISTA;;TESEI DONATELLA;76;59,84
2024-11-19 07:41:47;Terni;POLINO;LISTA;;PROIETTI STEFANIA;48;37,80
2024-11-19 07:41:47;Terni;POLINO;LISTA;;LEONARDI MARTINA;2;1,57
2024-11-19 07:41:47;Terni;POLINO;LISTA;;RIZZO MARCO;1;0,79
2024-11-19 07:41:47;Terni;POLINO;LISTA;;PAOLONE GIUSEPPE;0;0
2024-11-19 07:41:47;Terni;POLINO;LISTA;;FIORINI ELIA FRANCESCO;0;0
2024-11-19 07:41:47;Terni;POLINO;LISTA;;TRITTO GIUSEPPE;0;0
2024-11-19 07:41:47;Terni;POLINO;LISTA;;PASQUINELLI MORENO;0;0
2024-11-19 07:41:47;Terni;POLINO;LISTA;;PIGNALBERI FABRIZIO;0;0
2024-11-19 07:41:47;Terni;POLINO;LISTA;;Candidati presidente;127;100
2024-11-19 07:41:47;Terni;POLINO;LISTA;;Liste;123;100
2024-11-19 07:41:57;Terni;PORANO;LISTA;;PROIETTI STEFANIA;439;52,70
2024-11-19 07:41:57;Terni;PORANO;LISTA;;TESEI DONATELLA;368;44,18
2024-11-19 07:41:57;Terni;PORANO;LISTA;;LEONARDI MARTINA;8;0,96
2024-11-19 07:41:57;Terni;PORANO;LISTA;;PASQUINELLI MORENO;8;0,96
2024-11-19 07:41:57;Terni;PORANO;LISTA;;RIZZO MARCO;5;0,60
2024-11-19 07:41:57;Terni;PORANO;LISTA;;FIORINI ELIA FRANCESCO;4;0,48
2024-11-19 07:41:57;Terni;PORANO;LISTA;;PAOLONE GIUSEPPE;1;0,12
2024-11-19 07:41:57;Terni;PORANO;LISTA;;TRITTO GIUSEPPE;0;0
2024-11-19 07:41:57;Terni;PORANO;LISTA;;PIGNALBERI FABRIZIO;0;0
2024-11-19 07:41:57;Terni;PORANO;LISTA;;Candidati presidente;833;100
2024-11-19 07:41:57;Terni;PORANO;LISTA;;Liste;774;100
2024-11-19 07:42:08;Terni;SAN GEMINI;LISTA;;PROIETTI STEFANIA;1036;51,31
2024-11-19 07:42:08;Terni;SAN GEMINI;LISTA;;TESEI DONATELLA;932;46,16
2024-11-19 07:42:08;Terni;SAN GEMINI;LISTA;;RIZZO MARCO;19;0,94
2024-11-19 07:42:08;Terni;SAN GEMINI;LISTA;;LEONARDI MARTINA;12;0,59
2024-11-19 07:42:08;Terni;SAN GEMINI;LISTA;;PASQUINELLI MORENO;6;0,30
2024-11-19 07:42:08;Terni;SAN GEMINI;LISTA;;FIORINI ELIA FRANCESCO;5;0,25
2024-11-19 07:42:08;Terni;SAN GEMINI;LISTA;;PAOLONE GIUSEPPE;3;0,15
2024-11-19 07:42:08;Terni;SAN GEMINI;LISTA;;TRITTO GIUSEPPE;3;0,15
2024-11-19 07:42:08;Terni;SAN GEMINI;LISTA;;PIGNALBERI FABRIZIO;3;0,15
2024-11-19 07:42:08;Terni;SAN GEMINI;LISTA;;Candidati presidente;2019;100
2024-11-19 07:42:08;Terni;SAN GEMINI;LISTA;;Liste;1856;100
2024-11-19 07:42:18;Terni;SAN VENANZO;LISTA;;PROIETTI STEFANIA;595;53,46
2024-11-19 07:42:18;Terni;SAN VENANZO;LISTA;;TESEI DONATELLA;497;44,65
2024-11-19 07:42:18;Terni;SAN VENANZO;LISTA;;RIZZO MARCO;13;1,17
2024-11-19 07:42:18;Terni;SAN VENANZO;LISTA;;LEONARDI MARTINA;3;0,27
2024-11-19 07:42:18;Terni;SAN VENANZO;LISTA;;FIORINI ELIA FRANCESCO;3;0,27
2024-11-19 07:42:18;Terni;SAN VENANZO;LISTA;;TRITTO GIUSEPPE;1;0,09
2024-11-19 07:42:18;Terni;SAN VENANZO;LISTA;;PASQUINELLI MORENO;1;0,09
2024-11-19 07:42:18;Terni;SAN VENANZO;LISTA;;PAOLONE GIUSEPPE;0;0
2024-11-19 07:42:18;Terni;SAN VENANZO;LISTA;;PIGNALBERI FABRIZIO;0;0
2024-11-19 07:42:18;Terni;SAN VENANZO;LISTA;;Candidati presidente;1113;100
2024-11-19 07:42:18;Terni;SAN VENANZO;LISTA;;Liste;1003;100
2024-11-19 07:42:28;Terni;STRONCONE;LISTA;;TESEI DONATELLA;1008;56,88
2024-11-19 07:42:28;Terni;STRONCONE;LISTA;;PROIETTI STEFANIA;705;39,79
2024-11-19 07:42:28;Terni;STRONCONE;LISTA;;LEONARDI MARTINA;21;1,19
2024-11-19 07:42:28;Terni;STRONCONE;LISTA;;RIZZO MARCO;19;1,07
2024-11-19 07:42:28;Terni;STRONCONE;LISTA;;PAOLONE GIUSEPPE;10;0,56
2024-11-19 07:42:28;Terni;STRONCONE;LISTA;;TRITTO GIUSEPPE;4;0,23
2024-11-19 07:42:28;Terni;STRONCONE;LISTA;;PASQUINELLI MORENO;3;0,17
2024-11-19 07:42:28;Terni;STRONCONE;LISTA;;FIORINI ELIA FRANCESCO;1;0,06
2024-11-19 07:42:28;Terni;STRONCONE;LISTA;;PIGNALBERI FABRIZIO;1;0,06
2024-11-19 07:42:28;Terni;STRONCONE;LISTA;;Candidati presidente;1772;100
2024-11-19 07:42:28;Terni;STRONCONE;LISTA;;Liste;1598;100
2024-11-19 07:42:38;Terni;TERNI;LISTA;;PROIETTI STEFANIA;19533;49,79
2024-11-19 07:42:39;Terni;TERNI;LISTA;;TESEI DONATELLA;18504;47,17
2024-11-19 07:42:39;Terni;TERNI;LISTA;;RIZZO MARCO;464;1,18
2024-11-19 07:42:39;Terni;TERNI;LISTA;;LEONARDI MARTINA;382;0,97
2024-11-19 07:42:39;Terni;TERNI;LISTA;;PAOLONE GIUSEPPE;105;0,27
2024-11-19 07:42:39;Terni;TERNI;LISTA;;PASQUINELLI MORENO;81;0,21
2024-11-19 07:42:39;Terni;TERNI;LISTA;;FIORINI ELIA FRANCESCO;76;0,19
2024-11-19 07:42:39;Terni;TERNI;LISTA;;TRITTO GIUSEPPE;58;0,15
2024-11-19 07:42:39;Terni;TERNI;LISTA;;PIGNALBERI FABRIZIO;26;0,07
2024-11-19 07:42:39;Terni;TERNI;LISTA;;Candidati presidente;39229;100
2024-11-19 07:42:39;Terni;TERNI;LISTA;;Liste;35688;100
